{"type":"FeatureCollection","features":[{"type":"Feature","geometry":{"type":"Polygon","coordinates":[[[-71.7921,-34.2407],[-71.792,-34.2437],[-71.7908,-34.2447],[-71.7907,-34.2462],[-71.7873,-34.2483],[-71.7862,-34.252],[-71.7836,-34.2539],[-71.7838,-34.2562],[-71.7823,-34.258],[-71.7806,-34.2584],[-71.7793,-34.2603],[-71.7799,-34.2612],[-71.7786,-34.2633],[-71.7771,-34.2639],[-71.7752,-34.267],[-71.7734,-34.2677],[-71.7726,-34.2704],[-71.7739,-34.2728],[-71.7717,-34.2793],[-71.7693,-34.2813],[-71.7687,-34.2841],[-71.7664,-34.2843],[-71.7627,-34.2884],[-71.7602,-34.2904],[-71.7606,-34.2924],[-71.7602,-34.2952],[-71.7595,-34.2962],[-71.7569,-34.2978],[-71.7514,-34.3024],[-71.7479,-34.3044],[-71.746,-34.307],[-71.7437,-34.309],[-71.7407,-34.3105],[-71.7344,-34.3125],[-71.7295,-34.3146],[-71.7279,-34.3149],[-71.7164,-34.316],[-71.7159,-34.3149],[-71.6928,-34.3175],[-71.693,-34.3194],[-71.6903,-34.3217],[-71.6894,-34.3182],[-71.6872,-34.3171],[-71.6771,-34.3098],[-71.6758,-34.3096],[-71.6717,-34.3065],[-71.6697,-34.3059],[-71.6696,-34.3008],[-71.6662,-34.2873],[-71.6624,-34.2882],[-71.6612,-34.2877],[-71.6599,-34.2853],[-71.6581,-34.2847],[-71.6568,-34.2874],[-71.654,-34.2855],[-71.6516,-34.2859],[-71.6502,-34.2848],[-71.6478,-34.284],[-71.6467,-34.283],[-71.6439,-34.2821],[-71.6408,-34.2818],[-71.6387,-34.2822],[-71.6358,-34.2817],[-71.6333,-34.2804],[-71.6306,-34.2823],[-71.6284,-34.2825],[-71.626,-34.2833],[-71.621,-34.2826],[-71.6197,-34.2838],[-71.6197,-34.2848],[-71.6153,-34.2876],[-71.6135,-34.2881],[-71.6115,-34.2901],[-71.6104,-34.2925],[-71.6079,-34.2924],[-71.6048,-34.2942],[-71.603,-34.2944],[-71.5996,-34.2931],[-71.5956,-34.2958],[-71.593,-34.2952],[-71.592,-34.2959],[-71.5917,-34.298],[-71.5896,-34.2963],[-71.5873,-34.2984],[-71.5851,-34.2983],[-71.5829,-34.3004],[-71.5808,-34.3],[-71.5789,-34.3019],[-71.5758,-34.3032],[-71.5746,-34.3046],[-71.5698,-34.303],[-71.5683,-34.3013],[-71.568,-34.2998],[-71.5659,-34.2978],[-71.5648,-34.2952],[-71.5645,-34.2931],[-71.5625,-34.2911],[-71.5627,-34.2897],[-71.5615,-34.2866],[-71.5607,-34.2858],[-71.5583,-34.2851],[-71.557,-34.2819],[-71.5524,-34.2792],[-71.5495,-34.2758],[-71.5453,-34.2737],[-71.5429,-34.2749],[-71.541,-34.2751],[-71.5385,-34.2761],[-71.5363,-34.2758],[-71.5344,-34.2763],[-71.531,-34.275],[-71.5281,-34.275],[-71.5262,-34.2774],[-71.5232,-34.2792],[-71.5228,-34.2828],[-71.5237,-34.285],[-71.5261,-34.2865],[-71.5273,-34.2892],[-71.5283,-34.2904],[-71.529,-34.2931],[-71.528,-34.2956],[-71.5244,-34.2998],[-71.5218,-34.3011],[-71.5203,-34.3008],[-71.5157,-34.2974],[-71.5148,-34.2944],[-71.5095,-34.2943],[-71.5036,-34.2928],[-71.5022,-34.2931],[-71.5001,-34.2947],[-71.4951,-34.2974],[-71.4898,-34.298],[-71.4865,-34.2988],[-71.4814,-34.302],[-71.4776,-34.3026],[-71.4751,-34.3012],[-71.4725,-34.3008],[-71.4704,-34.3019],[-71.4684,-34.3023],[-71.465,-34.3024],[-71.4635,-34.3018],[-71.4606,-34.3027],[-71.457,-34.3025],[-71.4547,-34.3016],[-71.4539,-34.3024],[-71.4542,-34.3046],[-71.4551,-34.3062],[-71.4588,-34.3097],[-71.4591,-34.3108],[-71.457,-34.3139],[-71.4569,-34.3154],[-71.4577,-34.3185],[-71.4586,-34.3207],[-71.4588,-34.3226],[-71.4579,-34.325],[-71.4556,-34.3279],[-71.4558,-34.3295],[-71.4584,-34.3304],[-71.46,-34.3321],[-71.4599,-34.334],[-71.459,-34.3349],[-71.4583,-34.3368],[-71.4569,-34.3392],[-71.4572,-34.3411],[-71.459,-34.3467],[-71.4594,-34.3495],[-71.461,-34.352],[-71.4597,-34.3552],[-71.4595,-34.3586],[-71.4586,-34.3621],[-71.4597,-34.3655],[-71.461,-34.3661],[-71.4642,-34.3653],[-71.4675,-34.3652],[-71.4701,-34.3657],[-71.4719,-34.3656],[-71.4766,-34.3683],[-71.4784,-34.3708],[-71.4823,-34.3726],[-71.4828,-34.3733],[-71.4856,-34.3741],[-71.4892,-34.3758],[-71.4899,-34.3768],[-71.4916,-34.3812],[-71.4947,-34.3834],[-71.4959,-34.3853],[-71.4962,-34.3873],[-71.4988,-34.3921],[-71.4989,-34.3943],[-71.4981,-34.3955],[-71.4982,-34.397],[-71.4965,-34.3987],[-71.4935,-34.4003],[-71.4927,-34.4023],[-71.4961,-34.4075],[-71.4962,-34.4106],[-71.4957,-34.412],[-71.4927,-34.4154],[-71.4928,-34.4169],[-71.496,-34.4183],[-71.5001,-34.4178],[-71.5023,-34.4193],[-71.5028,-34.4221],[-71.5048,-34.4253],[-71.507,-34.4253],[-71.5121,-34.4233],[-71.5164,-34.4231],[-71.517,-34.4238],[-71.5179,-34.4279],[-71.5172,-34.4292],[-71.5177,-34.4308],[-71.5194,-34.431],[-71.5248,-34.4271],[-71.5278,-34.4264],[-71.5319,-34.4212],[-71.5365,-34.4213],[-71.5404,-34.4186],[-71.5452,-34.4178],[-71.5479,-34.4183],[-71.5492,-34.4179],[-71.552,-34.4153],[-71.5557,-34.4148],[-71.5569,-34.4162],[-71.5604,-34.4176],[-71.5624,-34.417],[-71.5644,-34.4152],[-71.5642,-34.4127],[-71.5662,-34.4124],[-71.5695,-34.4126],[-71.5708,-34.414],[-71.573,-34.415],[-71.5746,-34.4151],[-71.5768,-34.4136],[-71.5779,-34.4159],[-71.58,-34.4219],[-71.5827,-34.4262],[-71.5845,-34.4284],[-71.5867,-34.4294],[-71.5886,-34.4316],[-71.5887,-34.4353],[-71.5869,-34.437],[-71.5863,-34.4403],[-71.5891,-34.4436],[-71.59,-34.4452],[-71.5914,-34.4462],[-71.5894,-34.447],[-71.5877,-34.4496],[-71.5887,-34.4521],[-71.5881,-34.4558],[-71.5887,-34.458],[-71.5867,-34.4634],[-71.587,-34.4652],[-71.585,-34.4669],[-71.5843,-34.4685],[-71.5849,-34.4723],[-71.5875,-34.4747],[-71.5871,-34.4804],[-71.5885,-34.4827],[-71.5924,-34.4853],[-71.593,-34.4867],[-71.5948,-34.489],[-71.6017,-34.4926],[-71.6036,-34.4926],[-71.6045,-34.494],[-71.6071,-34.4953],[-71.611,-34.4949],[-71.6162,-34.4966],[-71.6201,-34.4956],[-71.622,-34.4958],[-71.6279,-34.4974],[-71.631,-34.4994],[-71.6331,-34.4995],[-71.6355,-34.5008],[-71.638,-34.4994],[-71.641,-34.4998],[-71.6437,-34.4985],[-71.6462,-34.4983],[-71.6492,-34.4971],[-71.6558,-34.4963],[-71.6571,-34.4956],[-71.6623,-34.495],[-71.6646,-34.4935],[-71.6671,-34.4932],[-71.67,-34.4919],[-71.6748,-34.4915],[-71.6807,-34.4916],[-71.6847,-34.4896],[-71.6868,-34.4895],[-71.6897,-34.4853],[-71.6936,-34.4862],[-71.6953,-34.4874],[-71.6988,-34.4886],[-71.7034,-34.4897],[-71.7058,-34.4935],[-71.7109,-34.4938],[-71.7102,-34.4974],[-71.7142,-34.4996],[-71.717,-34.4997],[-71.7233,-34.5026],[-71.7249,-34.504],[-71.7283,-34.5048],[-71.7299,-34.5061],[-71.7309,-34.5081],[-71.7321,-34.509],[-71.734,-34.5088],[-71.7356,-34.5094],[-71.7362,-34.5113],[-71.7371,-34.5122],[-71.7374,-34.5143],[-71.7367,-34.5201],[-71.7352,-34.524],[-71.7364,-34.5266],[-71.7389,-34.5272],[-71.741,-34.527],[-71.7426,-34.5277],[-71.7466,-34.5275],[-71.7478,-34.5251],[-71.7469,-34.5229],[-71.7477,-34.5198],[-71.7499,-34.5184],[-71.7524,-34.5161],[-71.7528,-34.5152],[-71.7513,-34.5141],[-71.7528,-34.5111],[-71.7563,-34.5093],[-71.7561,-34.5057],[-71.7556,-34.505],[-71.7569,-34.5025],[-71.7593,-34.4998],[-71.7592,-34.4971],[-71.7601,-34.4949],[-71.7598,-34.4938],[-71.758,-34.4928],[-71.7578,-34.4873],[-71.7596,-34.4862],[-71.7603,-34.4847],[-71.7639,-34.4818],[-71.7651,-34.4799],[-71.7674,-34.4786],[-71.7672,-34.4773],[-71.7687,-34.474],[-71.77,-34.4732],[-71.7737,-34.4731],[-71.7773,-34.4727],[-71.7795,-34.4732],[-71.7838,-34.4716],[-71.7873,-34.4729],[-71.789,-34.4725],[-71.7911,-34.4742],[-71.7933,-34.4733],[-71.7994,-34.4734],[-71.8009,-34.4732],[-71.8047,-34.4704],[-71.8074,-34.4702],[-71.8091,-34.4684],[-71.8094,-34.4652],[-71.8104,-34.4641],[-71.8132,-34.4626],[-71.8136,-34.4612],[-71.8152,-34.4587],[-71.8165,-34.4575],[-71.8157,-34.4547],[-71.8163,-34.4494],[-71.8204,-34.4464],[-71.8195,-34.4452],[-71.8206,-34.4418],[-71.8196,-34.4387],[-71.8167,-34.4376],[-71.8158,-34.4361],[-71.8124,-34.4335],[-71.8091,-34.4298],[-71.8089,-34.4254],[-71.8079,-34.4218],[-71.8067,-34.4204],[-71.8037,-34.4152],[-71.8031,-34.4122],[-71.8032,-34.4098],[-71.8022,-34.4082],[-71.802,-34.4062],[-71.8005,-34.4039],[-71.7993,-34.3959],[-71.798,-34.3951],[-71.7983,-34.3936],[-71.7997,-34.3924],[-71.8015,-34.392],[-71.8007,-34.3901],[-71.8028,-34.3891],[-71.8041,-34.3875],[-71.8026,-34.3862],[-71.8029,-34.3824],[-71.8013,-34.3806],[-71.8024,-34.378],[-71.8043,-34.3772],[-71.8049,-34.3755],[-71.8042,-34.374],[-71.8058,-34.373],[-71.807,-34.3715],[-71.8101,-34.3687],[-71.8105,-34.3664],[-71.8073,-34.3476],[-71.8097,-34.348],[-71.8112,-34.3469],[-71.8122,-34.3443],[-71.8144,-34.3423],[-71.8172,-34.3416],[-71.8187,-34.3423],[-71.8202,-34.344],[-71.8257,-34.3459],[-71.8257,-34.3397],[-71.8135,-34.3337],[-71.8161,-34.3287],[-71.8182,-34.3252],[-71.818,-34.3202],[-71.819,-34.3188],[-71.8178,-34.3162],[-71.8173,-34.3135],[-71.8149,-34.3118],[-71.8152,-34.3108],[-71.8202,-34.3084],[-71.8223,-34.3087],[-71.8232,-34.3099],[-71.8255,-34.3111],[-71.8265,-34.3122],[-71.8293,-34.3129],[-71.8317,-34.3154],[-71.8333,-34.3191],[-71.8333,-34.3202],[-71.8368,-34.3222],[-71.8379,-34.3241],[-71.8397,-34.3228],[-71.8413,-34.3232],[-71.8438,-34.323],[-71.8446,-34.3237],[-71.8476,-34.3229],[-71.8506,-34.3215],[-71.8534,-34.3199],[-71.856,-34.3196],[-71.8574,-34.3185],[-71.8612,-34.3183],[-71.865,-34.3178],[-71.8611,-34.314],[-71.8589,-34.3133],[-71.8542,-34.3143],[-71.8531,-34.3141],[-71.851,-34.3093],[-71.8508,-34.3075],[-71.8533,-34.3052],[-71.8539,-34.3038],[-71.8529,-34.3008],[-71.8536,-34.2982],[-71.8571,-34.2983],[-71.8592,-34.2973],[-71.8619,-34.2973],[-71.8648,-34.2945],[-71.8655,-34.2924],[-71.8673,-34.2897],[-71.8696,-34.2876],[-71.8704,-34.2842],[-71.87,-34.2818],[-71.8706,-34.2808],[-71.8723,-34.281],[-71.8741,-34.2803],[-71.8752,-34.279],[-71.8769,-34.2784],[-71.8787,-34.275],[-71.879,-34.2733],[-71.8778,-34.271],[-71.8758,-34.2686],[-71.8729,-34.2661],[-71.8704,-34.2672],[-71.8689,-34.2643],[-71.8665,-34.2626],[-71.8649,-34.2626],[-71.8648,-34.2612],[-71.8618,-34.2605],[-71.8602,-34.2579],[-71.8567,-34.2541],[-71.8474,-34.2494],[-71.8453,-34.2478],[-71.845,-34.2463],[-71.8422,-34.2438],[-71.8394,-34.2428],[-71.837,-34.2404],[-71.835,-34.2392],[-71.8341,-34.2366],[-71.8325,-34.2358],[-71.8321,-34.2343],[-71.8288,-34.2298],[-71.8269,-34.2282],[-71.8268,-34.2265],[-71.8286,-34.2248],[-71.8267,-34.2223],[-71.8252,-34.2235],[-71.8227,-34.2224],[-71.8231,-34.2213],[-71.822,-34.2192],[-71.8199,-34.2178],[-71.8178,-34.2178],[-71.816,-34.2162],[-71.8172,-34.2147],[-71.8218,-34.2143],[-71.8219,-34.213],[-71.8199,-34.2119],[-71.818,-34.2125],[-71.8171,-34.2117],[-71.8168,-34.2095],[-71.8148,-34.2096],[-71.8134,-34.2088],[-71.8127,-34.2063],[-71.8076,-34.208],[-71.8046,-34.2078],[-71.8037,-34.2062],[-71.8018,-34.2062],[-71.7999,-34.2084],[-71.7999,-34.2092],[-71.7979,-34.2126],[-71.7968,-34.2138],[-71.7943,-34.2145],[-71.7954,-34.2167],[-71.7955,-34.2211],[-71.7973,-34.2236],[-71.7962,-34.2259],[-71.7948,-34.227],[-71.7931,-34.2269],[-71.7909,-34.2279],[-71.7906,-34.2311],[-71.7893,-34.2325],[-71.7928,-34.2341],[-71.7932,-34.2347],[-71.7934,-34.2398],[-71.7921,-34.2407]]]},"properties":{"Comuna":"Marchigüe","Provincia":"Cardenal Caro","cod_comuna":6204}},{"type":"Feature","geometry":{"type":"Polygon","coordinates":[[[-70.3277,-34.0103],[-70.3314,-34.0108],[-70.3363,-34.0107],[-70.3371,-34.0096],[-70.3396,-34.0092],[-70.3434,-34.0094],[-70.3469,-34.0125],[-70.3528,-34.0149],[-70.354,-34.016],[-70.3547,-34.0181],[-70.3565,-34.0193],[-70.3589,-34.0195],[-70.361,-34.0211],[-70.3617,-34.0222],[-70.3659,-34.0231],[-70.3686,-34.025],[-70.3694,-34.0264],[-70.3691,-34.0283],[-70.3708,-34.0292],[-70.3717,-34.0304],[-70.3721,-34.0339],[-70.3733,-34.0352],[-70.3796,-34.0377],[-70.3806,-34.0389],[-70.3845,-34.0395],[-70.3862,-34.0404],[-70.3886,-34.0408],[-70.3904,-34.0405],[-70.3927,-34.0407],[-70.3951,-34.0424],[-70.3969,-34.0428],[-70.3999,-34.0425],[-70.4025,-34.0409],[-70.4082,-34.0398],[-70.4107,-34.0383],[-70.4128,-34.0382],[-70.416,-34.0404],[-70.419,-34.0409],[-70.4237,-34.0403],[-70.4302,-34.0376],[-70.4347,-34.0361],[-70.4359,-34.0364],[-70.4368,-34.0377],[-70.4388,-34.0384],[-70.4432,-34.0425],[-70.4488,-34.0471],[-70.4531,-34.0497],[-70.4553,-34.053],[-70.4556,-34.0572],[-70.4555,-34.0613],[-70.4591,-34.0618],[-70.4621,-34.0636],[-70.4677,-34.0686],[-70.4727,-34.0691],[-70.4805,-34.0687],[-70.4911,-34.07],[-70.4952,-34.0702],[-70.4967,-34.071],[-70.4988,-34.0697],[-70.5002,-34.0693],[-70.5022,-34.07],[-70.504,-34.0697],[-70.5052,-34.0685],[-70.5091,-34.0682],[-70.5119,-34.0699],[-70.5133,-34.0721],[-70.5151,-34.073],[-70.5281,-34.0746],[-70.5298,-34.0768],[-70.5296,-34.0793],[-70.5304,-34.0818],[-70.5329,-34.0853],[-70.5333,-34.0896],[-70.5366,-34.0926],[-70.5392,-34.094],[-70.5401,-34.0951],[-70.5431,-34.0967],[-70.5448,-34.0992],[-70.5459,-34.1034],[-70.548,-34.1048],[-70.5503,-34.1079],[-70.552,-34.1091],[-70.5532,-34.1112],[-70.5549,-34.1121],[-70.5569,-34.1143],[-70.5608,-34.1162],[-70.5609,-34.1208],[-70.5615,-34.1225],[-70.5648,-34.1252],[-70.5656,-34.1276],[-70.567,-34.1289],[-70.5673,-34.1326],[-70.5689,-34.1345],[-70.5727,-34.1371],[-70.5732,-34.1389],[-70.5726,-34.1412],[-70.5726,-34.1434],[-70.5743,-34.1469],[-70.5763,-34.1475],[-70.5815,-34.1482],[-70.5831,-34.1496],[-70.5852,-34.1502],[-70.5871,-34.1515],[-70.5889,-34.1505],[-70.5923,-34.1508],[-70.5953,-34.1506],[-70.5985,-34.1496],[-70.6076,-34.1506],[-70.6121,-34.1503],[-70.615,-34.1517],[-70.6158,-34.1531],[-70.6184,-34.1545],[-70.6211,-34.1523],[-70.6251,-34.1502],[-70.6266,-34.15],[-70.6288,-34.1507],[-70.6309,-34.15],[-70.6343,-34.1502],[-70.6377,-34.1514],[-70.64,-34.1505],[-70.6452,-34.1501],[-70.6489,-34.1488],[-70.6504,-34.1479],[-70.6598,-34.1469],[-70.6838,-34.1451],[-70.6843,-34.1418],[-70.6893,-34.1381],[-70.6834,-34.1177],[-70.681,-34.1093],[-70.6829,-34.1073],[-70.6802,-34.1049],[-70.6768,-34.1009],[-70.6756,-34.0981],[-70.6751,-34.0896],[-70.6768,-34.0855],[-70.6799,-34.0813],[-70.6817,-34.0798],[-70.6751,-34.0622],[-70.6702,-34.0495],[-70.6733,-34.0501],[-70.6777,-34.0523],[-70.6809,-34.0528],[-70.6871,-34.0527],[-70.7071,-34.0512],[-70.7265,-34.0497],[-70.727,-34.0489],[-70.7259,-34.0471],[-70.7248,-34.0437],[-70.7224,-34.0386],[-70.7195,-34.0315],[-70.718,-34.0276],[-70.7178,-34.0255],[-70.7167,-34.0225],[-70.7036,-34.0189],[-70.6866,-34.014],[-70.6813,-34.0075],[-70.6786,-34.009],[-70.6731,-34.0104],[-70.6676,-34.0114],[-70.6664,-34.0122],[-70.6683,-34.0176],[-70.666,-34.0186],[-70.6595,-34.0188],[-70.6568,-34.0193],[-70.6568,-34.0167],[-70.6551,-34.0177],[-70.6523,-34.0185],[-70.6486,-34.0205],[-70.6435,-34.0196],[-70.6422,-34.0202],[-70.6441,-34.0215],[-70.6444,-34.024],[-70.6419,-34.0234],[-70.6384,-34.024],[-70.6388,-34.0333],[-70.6358,-34.0334],[-70.6305,-34.0346],[-70.6257,-34.0353],[-70.6174,-34.0361],[-70.6148,-34.0366],[-70.6091,-34.0369],[-70.6016,-34.0363],[-70.5938,-34.0349],[-70.5904,-34.0336],[-70.5878,-34.0331],[-70.5848,-34.0338],[-70.5841,-34.0332],[-70.5805,-34.0334],[-70.5794,-34.033],[-70.5759,-34.0345],[-70.5685,-34.0342],[-70.5673,-34.0329],[-70.5608,-34.0304],[-70.5593,-34.0306],[-70.5575,-34.0298],[-70.5547,-34.0324],[-70.5492,-34.0358],[-70.5467,-34.0358],[-70.5368,-34.0379],[-70.533,-34.0375],[-70.5243,-34.0381],[-70.5213,-34.0388],[-70.5175,-34.0387],[-70.5142,-34.042],[-70.5093,-34.0421],[-70.5045,-34.0387],[-70.5046,-34.037],[-70.5038,-34.036],[-70.5043,-34.0342],[-70.5034,-34.0327],[-70.5039,-34.0302],[-70.5021,-34.028],[-70.5025,-34.0265],[-70.502,-34.024],[-70.501,-34.0234],[-70.501,-34.0211],[-70.4991,-34.0202],[-70.4986,-34.0191],[-70.4959,-34.0178],[-70.4952,-34.0158],[-70.4929,-34.0156],[-70.4907,-34.0149],[-70.488,-34.0125],[-70.4848,-34.0138],[-70.4801,-34.012],[-70.477,-34.0102],[-70.4728,-34.0098],[-70.4709,-34.0104],[-70.4701,-34.0098],[-70.4641,-34.0103],[-70.4601,-34.009],[-70.4572,-34.0106],[-70.4552,-34.0107],[-70.4537,-34.0117],[-70.4488,-34.0108],[-70.4432,-34.0121],[-70.4423,-34.0114],[-70.44,-34.0116],[-70.4385,-34.0108],[-70.436,-34.0118],[-70.4302,-34.0106],[-70.4288,-34.0124],[-70.4266,-34.0131],[-70.4237,-34.0156],[-70.4211,-34.0144],[-70.4127,-34.0143],[-70.4113,-34.0134],[-70.4094,-34.0106],[-70.4073,-34.0087],[-70.4047,-34.007],[-70.4053,-34.0048],[-70.4052,-34.0022],[-70.4029,-34.0009],[-70.4025,-33.999],[-70.3993,-33.9976],[-70.3986,-33.9968],[-70.3995,-33.9939],[-70.3996,-33.9908],[-70.3982,-33.986],[-70.3992,-33.9845],[-70.3995,-33.9815],[-70.3979,-33.978],[-70.3954,-33.9762],[-70.3928,-33.9709],[-70.3928,-33.9693],[-70.3904,-33.9665],[-70.3877,-33.962],[-70.3874,-33.9585],[-70.3854,-33.9552],[-70.3858,-33.9525],[-70.387,-33.9493],[-70.387,-33.948],[-70.388,-33.9456],[-70.388,-33.9424],[-70.3886,-33.9401],[-70.3869,-33.9356],[-70.3877,-33.9322],[-70.3865,-33.9307],[-70.3833,-33.9282],[-70.3818,-33.9249],[-70.3789,-33.9201],[-70.3786,-33.9188],[-70.3767,-33.9223],[-70.3762,-33.9279],[-70.3753,-33.9296],[-70.3702,-33.9352],[-70.3675,-33.9388],[-70.3664,-33.9429],[-70.3653,-33.9452],[-70.3636,-33.9464],[-70.3624,-33.9483],[-70.3594,-33.9509],[-70.3559,-33.9514],[-70.3549,-33.9522],[-70.3503,-33.9531],[-70.3468,-33.9565],[-70.3462,-33.9578],[-70.3467,-33.9626],[-70.3491,-33.9648],[-70.3491,-33.9658],[-70.3508,-33.9673],[-70.3498,-33.971],[-70.3482,-33.9725],[-70.3456,-33.9757],[-70.3427,-33.9777],[-70.3412,-33.9792],[-70.3381,-33.9802],[-70.334,-33.9801],[-70.3295,-33.9814],[-70.3278,-33.9863],[-70.328,-33.9897],[-70.3265,-33.9933],[-70.3243,-33.995],[-70.3239,-33.9969],[-70.3217,-33.9985],[-70.3211,-34.0003],[-70.3242,-34.0042],[-70.326,-34.0056],[-70.3268,-34.0085],[-70.3277,-34.0103]]]},"properties":{"Comuna":"Codegua","Provincia":"Cachapoal","cod_comuna":6102}},{"type":"Feature","geometry":{"type":"Polygon","coordinates":[[[-70.8794,-34.2423],[-70.8776,-34.2433],[-70.8775,-34.2457],[-70.879,-34.2491],[-70.8812,-34.253],[-70.8817,-34.2556],[-70.8791,-34.2577],[-70.8776,-34.2599],[-70.8756,-34.2646],[-70.8719,-34.2661],[-70.8704,-34.268],[-70.8721,-34.2689],[-70.8773,-34.269],[-70.8792,-34.2701],[-70.8812,-34.2728],[-70.8822,-34.2725],[-70.8829,-34.2707],[-70.8866,-34.2666],[-70.8898,-34.2618],[-70.892,-34.261],[-70.8975,-34.2607],[-70.9038,-34.2585],[-70.906,-34.2588],[-70.9072,-34.2609],[-70.9069,-34.2649],[-70.9113,-34.2669],[-70.9121,-34.2717],[-70.9117,-34.2749],[-70.9117,-34.2792],[-70.9125,-34.2814],[-70.9211,-34.284],[-70.9243,-34.2848],[-70.9262,-34.284],[-70.9302,-34.2806],[-70.9323,-34.2794],[-70.9334,-34.2797],[-70.9338,-34.2827],[-70.9335,-34.2844],[-70.9337,-34.2877],[-70.9345,-34.2886],[-70.9367,-34.2892],[-70.9399,-34.2916],[-70.9432,-34.2927],[-70.9441,-34.2939],[-70.9438,-34.2958],[-70.9428,-34.2979],[-70.9421,-34.3013],[-70.942,-34.3044],[-70.9411,-34.3061],[-70.9414,-34.3092],[-70.9425,-34.3106],[-70.9453,-34.312],[-70.9492,-34.3129],[-70.9508,-34.3141],[-70.9544,-34.3118],[-70.9563,-34.3101],[-70.9591,-34.312],[-70.9599,-34.3145],[-70.9615,-34.3178],[-70.9654,-34.3194],[-70.968,-34.3199],[-70.9689,-34.3215],[-70.9706,-34.322],[-70.9744,-34.3215],[-70.9775,-34.3219],[-70.9799,-34.3232],[-70.9822,-34.3249],[-70.9832,-34.3276],[-70.9849,-34.3278],[-70.9895,-34.3267],[-70.9911,-34.3269],[-70.9967,-34.3264],[-70.9996,-34.3269],[-71.0043,-34.3297],[-71.0062,-34.3288],[-71.0086,-34.3296],[-71.0101,-34.3321],[-71.0116,-34.3338],[-71.0139,-34.3371],[-71.0175,-34.3364],[-71.0216,-34.3346],[-71.023,-34.3336],[-71.0258,-34.3325],[-71.0283,-34.3334],[-71.0307,-34.333],[-71.0343,-34.3303],[-71.036,-34.328],[-71.0381,-34.3269],[-71.0405,-34.3246],[-71.044,-34.325],[-71.0466,-34.3245],[-71.0482,-34.3251],[-71.0507,-34.325],[-71.0545,-34.327],[-71.0558,-34.326],[-71.0607,-34.3273],[-71.0617,-34.3288],[-71.0646,-34.3297],[-71.067,-34.3323],[-71.0677,-34.3322],[-71.0707,-34.3324],[-71.0719,-34.3317],[-71.0741,-34.3315],[-71.0758,-34.3328],[-71.077,-34.3317],[-71.078,-34.3297],[-71.0784,-34.3258],[-71.0812,-34.3233],[-71.0831,-34.3224],[-71.0841,-34.3199],[-71.0884,-34.314],[-71.0885,-34.3129],[-71.0835,-34.3157],[-71.0799,-34.3166],[-71.0786,-34.3165],[-71.076,-34.3149],[-71.0698,-34.3098],[-71.0676,-34.3095],[-71.0642,-34.3081],[-71.0636,-34.3066],[-71.0605,-34.3036],[-71.0575,-34.3017],[-71.054,-34.3024],[-71.0515,-34.3007],[-71.0468,-34.2999],[-71.0449,-34.3002],[-71.0436,-34.299],[-71.0414,-34.2985],[-71.0357,-34.2927],[-71.033,-34.2923],[-71.031,-34.2914],[-71.031,-34.2905],[-71.0294,-34.2895],[-71.0281,-34.2896],[-71.026,-34.2885],[-71.0224,-34.2901],[-71.0212,-34.2894],[-71.0198,-34.2873],[-71.017,-34.2863],[-71.0119,-34.2819],[-71.0089,-34.2815],[-71.0065,-34.2799],[-71.0063,-34.2765],[-71.0032,-34.2737],[-71.0019,-34.2733],[-70.9992,-34.2735],[-70.9972,-34.2708],[-70.995,-34.2686],[-70.9921,-34.2667],[-70.9912,-34.2638],[-70.9891,-34.2626],[-70.986,-34.2596],[-70.9797,-34.2553],[-70.9781,-34.2548],[-70.9762,-34.255],[-70.9741,-34.254],[-70.9736,-34.2529],[-70.97,-34.2524],[-70.9675,-34.2518],[-70.9619,-34.2476],[-70.9604,-34.2454],[-70.9589,-34.2442],[-70.9561,-34.2446],[-70.9533,-34.2426],[-70.9527,-34.2402],[-70.9501,-34.2389],[-70.949,-34.2363],[-70.9447,-34.235],[-70.9422,-34.2347],[-70.9409,-34.2326],[-70.9409,-34.2312],[-70.94,-34.2296],[-70.9368,-34.2274],[-70.9333,-34.2263],[-70.927,-34.2233],[-70.9221,-34.2207],[-70.9166,-34.2187],[-70.9141,-34.2172],[-70.9089,-34.2154],[-70.9031,-34.2157],[-70.8981,-34.217],[-70.897,-34.2179],[-70.8976,-34.2225],[-70.8987,-34.2271],[-70.8993,-34.2358],[-70.9006,-34.2376],[-70.8986,-34.2376],[-70.8946,-34.2402],[-70.8905,-34.2421],[-70.8853,-34.2423],[-70.8833,-34.2429],[-70.8794,-34.2423]]]},"properties":{"Comuna":"Coinco","Provincia":"Cachapoal","cod_comuna":6103}},{"type":"Feature","geometry":{"type":"Polygon","coordinates":[[[-70.9688,-34.172],[-70.9658,-34.1761],[-70.9657,-34.1792],[-70.9646,-34.1824],[-70.9642,-34.1846],[-70.9652,-34.1908],[-70.9659,-34.1926],[-70.9662,-34.1988],[-70.9667,-34.2007],[-70.9667,-34.2039],[-70.9663,-34.2057],[-70.9644,-34.2074],[-70.9643,-34.2092],[-70.9659,-34.2106],[-70.968,-34.2137],[-70.9662,-34.2153],[-70.9716,-34.2182],[-70.9733,-34.2168],[-70.9771,-34.2151],[-70.979,-34.2181],[-70.9825,-34.2215],[-70.9835,-34.2287],[-70.985,-34.2311],[-70.9899,-34.2332],[-70.9921,-34.2364],[-70.991,-34.2399],[-70.9893,-34.2431],[-70.9906,-34.2481],[-70.991,-34.2508],[-70.9934,-34.2529],[-70.9968,-34.2541],[-70.9969,-34.2563],[-70.9925,-34.2549],[-70.9878,-34.2546],[-70.9814,-34.2534],[-70.9797,-34.2553],[-70.986,-34.2596],[-70.9891,-34.2626],[-70.9912,-34.2638],[-70.9921,-34.2667],[-70.995,-34.2686],[-70.9972,-34.2708],[-70.9992,-34.2735],[-71.0019,-34.2733],[-71.0032,-34.2737],[-71.0063,-34.2765],[-71.0065,-34.2799],[-71.0089,-34.2815],[-71.0119,-34.2819],[-71.017,-34.2863],[-71.0198,-34.2873],[-71.0212,-34.2894],[-71.0224,-34.2901],[-71.026,-34.2885],[-71.0281,-34.2896],[-71.0294,-34.2895],[-71.031,-34.2905],[-71.031,-34.2914],[-71.033,-34.2923],[-71.0357,-34.2927],[-71.0414,-34.2985],[-71.0436,-34.299],[-71.0449,-34.3002],[-71.0468,-34.2999],[-71.0515,-34.3007],[-71.054,-34.3024],[-71.0575,-34.3017],[-71.0605,-34.3036],[-71.0636,-34.3066],[-71.0642,-34.3081],[-71.0676,-34.3095],[-71.0698,-34.3098],[-71.076,-34.3149],[-71.0786,-34.3165],[-71.0799,-34.3166],[-71.0835,-34.3157],[-71.0885,-34.3129],[-71.0903,-34.3121],[-71.0934,-34.3125],[-71.0958,-34.3137],[-71.098,-34.3138],[-71.1004,-34.315],[-71.104,-34.3155],[-71.1087,-34.3166],[-71.1135,-34.3172],[-71.1154,-34.3186],[-71.1177,-34.3212],[-71.1203,-34.3235],[-71.1215,-34.3241],[-71.123,-34.3265],[-71.1226,-34.3287],[-71.1238,-34.3309],[-71.1274,-34.3334],[-71.1309,-34.3353],[-71.132,-34.3368],[-71.1318,-34.3384],[-71.135,-34.3442],[-71.1368,-34.3451],[-71.1377,-34.3476],[-71.1386,-34.3487],[-71.143,-34.3511],[-71.1447,-34.3534],[-71.1449,-34.3563],[-71.1482,-34.3596],[-71.1487,-34.3613],[-71.1484,-34.3631],[-71.1488,-34.3647],[-71.1501,-34.3661],[-71.1523,-34.3702],[-71.1486,-34.3758],[-71.1472,-34.3788],[-71.1474,-34.3816],[-71.1452,-34.3837],[-71.1429,-34.3847],[-71.1406,-34.3869],[-71.1403,-34.3922],[-71.1399,-34.3931],[-71.1371,-34.3944],[-71.1353,-34.3959],[-71.1328,-34.3991],[-71.1335,-34.4006],[-71.1318,-34.4026],[-71.1313,-34.4071],[-71.132,-34.409],[-71.1318,-34.4106],[-71.1327,-34.4113],[-71.1361,-34.4097],[-71.1375,-34.4072],[-71.1387,-34.4059],[-71.1393,-34.4015],[-71.1406,-34.3993],[-71.1438,-34.3968],[-71.1455,-34.3946],[-71.146,-34.3927],[-71.1494,-34.39],[-71.1518,-34.3887],[-71.1538,-34.3859],[-71.155,-34.3828],[-71.1551,-34.3795],[-71.1556,-34.3785],[-71.1596,-34.375],[-71.1633,-34.3673],[-71.1633,-34.3661],[-71.1611,-34.3559],[-71.1659,-34.3518],[-71.1684,-34.3515],[-71.1678,-34.3473],[-71.1682,-34.3465],[-71.1734,-34.3425],[-71.1768,-34.3422],[-71.1795,-34.3413],[-71.181,-34.3398],[-71.1805,-34.3369],[-71.1793,-34.3351],[-71.1775,-34.3299],[-71.1778,-34.3288],[-71.1797,-34.3269],[-71.1823,-34.3258],[-71.1833,-34.3242],[-71.1838,-34.3214],[-71.1859,-34.3194],[-71.1873,-34.3168],[-71.187,-34.3127],[-71.1884,-34.3116],[-71.1891,-34.3099],[-71.189,-34.3075],[-71.1897,-34.3058],[-71.1897,-34.3034],[-71.1869,-34.301],[-71.1859,-34.2991],[-71.1853,-34.2958],[-71.1863,-34.2922],[-71.1849,-34.2878],[-71.1849,-34.2839],[-71.1856,-34.2817],[-71.1872,-34.2789],[-71.1869,-34.2778],[-71.1838,-34.2751],[-71.1833,-34.2722],[-71.1838,-34.2701],[-71.182,-34.2684],[-71.1801,-34.2653],[-71.1797,-34.2616],[-71.1807,-34.2597],[-71.1814,-34.2558],[-71.1729,-34.2562],[-71.1688,-34.254],[-71.1656,-34.2536],[-71.1631,-34.2527],[-71.1579,-34.2518],[-71.1561,-34.252],[-71.1536,-34.2535],[-71.1502,-34.2542],[-71.1476,-34.2538],[-71.1459,-34.2529],[-71.1421,-34.2518],[-71.139,-34.2503],[-71.1349,-34.249],[-71.1326,-34.249],[-71.1297,-34.2506],[-71.1273,-34.2514],[-71.1243,-34.2517],[-71.121,-34.2505],[-71.1191,-34.2489],[-71.1181,-34.2472],[-71.1169,-34.2466],[-71.1132,-34.2477],[-71.1099,-34.2456],[-71.105,-34.2414],[-71.1046,-34.237],[-71.1041,-34.2348],[-71.1014,-34.2302],[-71.0964,-34.2275],[-71.0919,-34.2261],[-71.0902,-34.2252],[-71.0899,-34.2229],[-71.0872,-34.22],[-71.0844,-34.2162],[-71.0826,-34.2104],[-71.0819,-34.2096],[-71.0811,-34.206],[-71.0802,-34.2047],[-71.0799,-34.203],[-71.0783,-34.2012],[-71.0764,-34.1976],[-71.0743,-34.1955],[-71.0727,-34.1918],[-71.071,-34.1891],[-71.072,-34.1864],[-71.0717,-34.1842],[-71.0675,-34.181],[-71.0665,-34.1798],[-71.0646,-34.1796],[-71.0631,-34.1802],[-71.0604,-34.1795],[-71.0561,-34.1794],[-71.0533,-34.1779],[-71.0534,-34.1744],[-71.0527,-34.1735],[-71.0475,-34.1713],[-71.0439,-34.1723],[-71.0409,-34.1708],[-71.0386,-34.1683],[-71.0357,-34.1662],[-71.0326,-34.1648],[-71.0281,-34.1662],[-71.0265,-34.1676],[-71.0261,-34.1703],[-71.0232,-34.1706],[-71.0171,-34.1695],[-71.0143,-34.1686],[-71.0114,-34.1688],[-71.0078,-34.1684],[-71.0066,-34.1679],[-71.0041,-34.168],[-71.0004,-34.1695],[-70.9982,-34.1698],[-70.9944,-34.1713],[-70.9928,-34.1712],[-70.9875,-34.1724],[-70.9851,-34.1732],[-70.9825,-34.173],[-70.9815,-34.1724],[-70.9773,-34.1732],[-70.9733,-34.1729],[-70.9688,-34.172]]]},"properties":{"Comuna":"Coltauco","Provincia":"Cachapoal","cod_comuna":6104}},{"type":"Feature","geometry":{"type":"Polygon","coordinates":[[[-70.7167,-34.0225],[-70.7178,-34.0255],[-70.718,-34.0276],[-70.7195,-34.0315],[-70.7224,-34.0386],[-70.7248,-34.0437],[-70.7259,-34.0471],[-70.727,-34.0489],[-70.7265,-34.0497],[-70.7071,-34.0512],[-70.6871,-34.0527],[-70.6809,-34.0528],[-70.6777,-34.0523],[-70.6733,-34.0501],[-70.6702,-34.0495],[-70.6751,-34.0622],[-70.6817,-34.0798],[-70.6799,-34.0813],[-70.6768,-34.0855],[-70.6751,-34.0896],[-70.6756,-34.0981],[-70.6768,-34.1009],[-70.6802,-34.1049],[-70.6829,-34.1073],[-70.681,-34.1093],[-70.6834,-34.1177],[-70.6893,-34.1381],[-70.6921,-34.134],[-70.6922,-34.1322],[-70.6931,-34.131],[-70.6936,-34.129],[-70.6957,-34.127],[-70.6977,-34.1269],[-70.6984,-34.1258],[-70.7019,-34.1258],[-70.7041,-34.1238],[-70.705,-34.1223],[-70.7089,-34.1212],[-70.7098,-34.1192],[-70.7096,-34.1175],[-70.7117,-34.1162],[-70.7106,-34.1141],[-70.7116,-34.1106],[-70.7142,-34.1089],[-70.715,-34.1063],[-70.7219,-34.106],[-70.7234,-34.1057],[-70.7289,-34.1053],[-70.7338,-34.1071],[-70.7397,-34.1086],[-70.7428,-34.1085],[-70.7478,-34.1106],[-70.7522,-34.1096],[-70.7556,-34.1096],[-70.7598,-34.1105],[-70.7644,-34.1101],[-70.767,-34.1096],[-70.7695,-34.1099],[-70.7721,-34.1112],[-70.7732,-34.1109],[-70.7758,-34.1125],[-70.7779,-34.113],[-70.7835,-34.1128],[-70.7824,-34.1114],[-70.7822,-34.1081],[-70.785,-34.1077],[-70.7865,-34.1061],[-70.788,-34.1011],[-70.7901,-34.0992],[-70.7936,-34.0988],[-70.7965,-34.0965],[-70.7967,-34.0945],[-70.7989,-34.0916],[-70.8008,-34.0907],[-70.804,-34.0884],[-70.804,-34.0839],[-70.8035,-34.0827],[-70.8034,-34.0798],[-70.8027,-34.0788],[-70.8036,-34.0724],[-70.8034,-34.0708],[-70.801,-34.0634],[-70.8021,-34.0594],[-70.8021,-34.0573],[-70.804,-34.0552],[-70.8037,-34.0515],[-70.8046,-34.0496],[-70.8036,-34.0467],[-70.8039,-34.0449],[-70.807,-34.0425],[-70.8091,-34.0413],[-70.8137,-34.0402],[-70.8164,-34.0401],[-70.8181,-34.0384],[-70.8177,-34.0355],[-70.8161,-34.0343],[-70.814,-34.0311],[-70.8128,-34.0269],[-70.8123,-34.0263],[-70.8088,-34.0258],[-70.8076,-34.0247],[-70.8086,-34.0226],[-70.8081,-34.0205],[-70.8059,-34.0174],[-70.8056,-34.0141],[-70.8059,-34.0116],[-70.807,-34.0096],[-70.8063,-34.0075],[-70.8051,-34.0065],[-70.7977,-34.002],[-70.796,-34.0016],[-70.7933,-33.9999],[-70.7934,-33.997],[-70.791,-33.9983],[-70.7853,-34.0007],[-70.7825,-34.0031],[-70.7806,-34.0034],[-70.7777,-34.0056],[-70.7755,-34.0058],[-70.7723,-34.0069],[-70.7677,-34.007],[-70.7638,-34.0092],[-70.7621,-34.0094],[-70.7579,-34.0092],[-70.7541,-34.0099],[-70.7532,-34.0105],[-70.7506,-34.0144],[-70.7477,-34.0162],[-70.746,-34.0189],[-70.7447,-34.0195],[-70.7433,-34.022],[-70.7392,-34.0254],[-70.736,-34.0275],[-70.7295,-34.0287],[-70.7277,-34.0301],[-70.7256,-34.0293],[-70.7224,-34.0255],[-70.7212,-34.0246],[-70.7167,-34.0225]]]},"properties":{"Comuna":"Graneros","Provincia":"Cachapoal","cod_comuna":6106}},{"type":"Feature","geometry":{"type":"Polygon","coordinates":[[[-70.9584,-34.3886],[-70.9583,-34.3933],[-70.9593,-34.3951],[-70.957,-34.4],[-70.9538,-34.3984],[-70.9502,-34.4002],[-70.949,-34.3997],[-70.9459,-34.4003],[-70.9442,-34.4],[-70.9413,-34.4006],[-70.9398,-34.3996],[-70.9377,-34.3999],[-70.937,-34.4017],[-70.935,-34.4025],[-70.9315,-34.4023],[-70.9289,-34.4016],[-70.925,-34.4015],[-70.9225,-34.4004],[-70.9174,-34.3988],[-70.9154,-34.3995],[-70.9137,-34.3989],[-70.9116,-34.3969],[-70.9099,-34.3948],[-70.9071,-34.3951],[-70.9064,-34.396],[-70.9075,-34.4042],[-70.8985,-34.404],[-70.9021,-34.4078],[-70.9056,-34.4097],[-70.906,-34.4104],[-70.9086,-34.4105],[-70.9071,-34.4122],[-70.9039,-34.4138],[-70.9034,-34.4164],[-70.904,-34.4198],[-70.9044,-34.4248],[-70.9061,-34.4286],[-70.9041,-34.4277],[-70.9007,-34.4281],[-70.8956,-34.4275],[-70.8931,-34.4287],[-70.8888,-34.4297],[-70.8884,-34.4318],[-70.8871,-34.4326],[-70.8842,-34.4307],[-70.879,-34.4291],[-70.8759,-34.4304],[-70.8751,-34.4295],[-70.8716,-34.4291],[-70.8681,-34.431],[-70.8671,-34.4338],[-70.8664,-34.4344],[-70.8628,-34.4352],[-70.8621,-34.4364],[-70.8627,-34.4391],[-70.8624,-34.4397],[-70.8594,-34.44],[-70.8574,-34.4418],[-70.8543,-34.4423],[-70.8456,-34.447],[-70.8425,-34.4473],[-70.8401,-34.4488],[-70.8336,-34.4487],[-70.8313,-34.4498],[-70.8295,-34.4524],[-70.8275,-34.4545],[-70.8233,-34.457],[-70.8215,-34.4572],[-70.8192,-34.4563],[-70.8175,-34.4562],[-70.8146,-34.4581],[-70.8117,-34.4628],[-70.8095,-34.4633],[-70.8072,-34.4649],[-70.8059,-34.4692],[-70.8025,-34.4729],[-70.7997,-34.4744],[-70.797,-34.4771],[-70.7956,-34.4779],[-70.7937,-34.4803],[-70.7927,-34.4835],[-70.7892,-34.485],[-70.7846,-34.4895],[-70.7833,-34.4914],[-70.7812,-34.4929],[-70.7782,-34.4934],[-70.7767,-34.4955],[-70.7742,-34.4961],[-70.7716,-34.4976],[-70.7706,-34.4991],[-70.7645,-34.5019],[-70.7624,-34.5058],[-70.7627,-34.5083],[-70.7618,-34.5092],[-70.7579,-34.5111],[-70.7548,-34.5137],[-70.7526,-34.5146],[-70.7514,-34.5158],[-70.7477,-34.5161],[-70.7444,-34.5175],[-70.7426,-34.5179],[-70.7371,-34.5181],[-70.7338,-34.5186],[-70.7313,-34.5184],[-70.7267,-34.5166],[-70.7241,-34.5187],[-70.7204,-34.5233],[-70.7199,-34.5281],[-70.7213,-34.5307],[-70.7204,-34.5334],[-70.718,-34.5354],[-70.7145,-34.5351],[-70.7122,-34.5356],[-70.7086,-34.5375],[-70.7083,-34.5383],[-70.7094,-34.5419],[-70.707,-34.5464],[-70.7089,-34.5502],[-70.7117,-34.5531],[-70.7119,-34.5545],[-70.7149,-34.5602],[-70.7169,-34.5619],[-70.7176,-34.5682],[-70.7223,-34.5727],[-70.7254,-34.5751],[-70.7273,-34.5778],[-70.7288,-34.5781],[-70.7305,-34.5765],[-70.7324,-34.577],[-70.7354,-34.5758],[-70.7347,-34.5725],[-70.7367,-34.5693],[-70.7366,-34.5673],[-70.7373,-34.5661],[-70.7423,-34.5654],[-70.7459,-34.5665],[-70.7479,-34.5683],[-70.749,-34.5708],[-70.7527,-34.5722],[-70.7554,-34.572],[-70.757,-34.5713],[-70.7608,-34.5715],[-70.7614,-34.5701],[-70.7633,-34.5694],[-70.7646,-34.5677],[-70.7675,-34.5666],[-70.7696,-34.5643],[-70.7738,-34.5643],[-70.7743,-34.5632],[-70.7749,-34.5587],[-70.7764,-34.5562],[-70.7785,-34.5549],[-70.7822,-34.5515],[-70.7858,-34.5501],[-70.7896,-34.5527],[-70.7931,-34.5533],[-70.7974,-34.5524],[-70.7998,-34.5524],[-70.8031,-34.553],[-70.8058,-34.5528],[-70.8098,-34.55],[-70.8107,-34.5473],[-70.8138,-34.5425],[-70.8162,-34.5407],[-70.8161,-34.5384],[-70.8177,-34.5375],[-70.8199,-34.5349],[-70.8232,-34.5328],[-70.8248,-34.5309],[-70.8285,-34.5293],[-70.8313,-34.529],[-70.8369,-34.5267],[-70.8405,-34.5261],[-70.8466,-34.5224],[-70.8479,-34.5221],[-70.8502,-34.5195],[-70.8509,-34.5163],[-70.8532,-34.5145],[-70.8539,-34.5132],[-70.8566,-34.5105],[-70.8596,-34.5082],[-70.8621,-34.5051],[-70.8614,-34.4997],[-70.8626,-34.4985],[-70.8652,-34.497],[-70.8674,-34.4964],[-70.8731,-34.4992],[-70.8767,-34.4988],[-70.8814,-34.4991],[-70.8854,-34.4988],[-70.8908,-34.4973],[-70.8925,-34.4958],[-70.8961,-34.4937],[-70.8963,-34.4899],[-70.8972,-34.489],[-70.8983,-34.4865],[-70.8998,-34.4859],[-70.901,-34.4845],[-70.9022,-34.4795],[-70.905,-34.4774],[-70.9051,-34.479],[-70.9063,-34.4805],[-70.909,-34.481],[-70.912,-34.4832],[-70.9153,-34.4852],[-70.9197,-34.4852],[-70.922,-34.4862],[-70.923,-34.4895],[-70.9249,-34.492],[-70.9297,-34.4934],[-70.9351,-34.4959],[-70.9388,-34.4964],[-70.9413,-34.4971],[-70.9438,-34.4985],[-70.9447,-34.5014],[-70.9512,-34.5057],[-70.9511,-34.5083],[-70.9515,-34.5099],[-70.9534,-34.5138],[-70.9557,-34.5158],[-70.9569,-34.5174],[-70.9597,-34.5171],[-70.9667,-34.5157],[-70.9698,-34.5142],[-70.9704,-34.5127],[-70.9699,-34.5106],[-70.9678,-34.5086],[-70.9673,-34.5068],[-70.9679,-34.5057],[-70.9705,-34.5037],[-70.9705,-34.5016],[-70.9696,-34.4999],[-70.9697,-34.498],[-70.9679,-34.4964],[-70.9687,-34.4955],[-70.9674,-34.4931],[-70.9681,-34.491],[-70.9655,-34.4883],[-70.9645,-34.4862],[-70.9631,-34.4853],[-70.9645,-34.4809],[-70.9626,-34.4788],[-70.9617,-34.4753],[-70.9635,-34.4744],[-70.9646,-34.4677],[-70.9662,-34.467],[-70.9683,-34.4637],[-70.9666,-34.4607],[-70.9692,-34.459],[-70.9702,-34.4564],[-70.9714,-34.4555],[-70.975,-34.4507],[-70.9761,-34.448],[-70.9754,-34.4447],[-70.9774,-34.4389],[-70.9801,-34.435],[-70.9814,-34.4341],[-70.9842,-34.434],[-70.9863,-34.4344],[-70.9892,-34.4369],[-70.9952,-34.4381],[-70.9969,-34.4386],[-70.9999,-34.4386],[-71.0032,-34.4376],[-71.0071,-34.4347],[-71.0096,-34.4334],[-71.0103,-34.4314],[-71.0101,-34.4291],[-71.0111,-34.4285],[-71.0166,-34.4279],[-71.0217,-34.4279],[-71.0233,-34.4283],[-71.0253,-34.4276],[-71.0274,-34.4253],[-71.0322,-34.4228],[-71.0338,-34.4214],[-71.0357,-34.4205],[-71.039,-34.4198],[-71.0421,-34.4177],[-71.0458,-34.4161],[-71.0491,-34.4161],[-71.0487,-34.4139],[-71.0465,-34.4118],[-71.0432,-34.4075],[-71.0418,-34.4063],[-71.0384,-34.4048],[-71.0377,-34.4026],[-71.0405,-34.4004],[-71.0406,-34.3975],[-71.0392,-34.3956],[-71.0386,-34.3913],[-71.0375,-34.3872],[-71.0353,-34.3885],[-71.0338,-34.3887],[-71.0328,-34.3899],[-71.03,-34.3878],[-71.0281,-34.3858],[-71.0279,-34.3896],[-71.0237,-34.3894],[-71.023,-34.3904],[-71.0254,-34.3931],[-71.0247,-34.3948],[-71.0215,-34.396],[-71.0191,-34.3953],[-71.0186,-34.3964],[-71.0165,-34.3971],[-71.018,-34.3984],[-71.0171,-34.401],[-71.0147,-34.4027],[-71.013,-34.4024],[-71.0118,-34.4047],[-71.0108,-34.4055],[-71.009,-34.4046],[-71.0068,-34.4045],[-71.0041,-34.402],[-71.002,-34.4026],[-71.0012,-34.4015],[-70.9998,-34.4016],[-70.9986,-34.4027],[-70.9964,-34.4031],[-70.9934,-34.4026],[-70.9894,-34.4028],[-70.9869,-34.4018],[-70.9856,-34.3992],[-70.9826,-34.399],[-70.9815,-34.3998],[-70.9794,-34.3999],[-70.9761,-34.3987],[-70.9718,-34.3963],[-70.9705,-34.393],[-70.9649,-34.3902],[-70.9603,-34.3883],[-70.9584,-34.3886]]]},"properties":{"Comuna":"Malloa","Provincia":"Cachapoal","cod_comuna":6109}},{"type":"Feature","geometry":{"type":"Polygon","coordinates":[[[-71.1814,-34.2558],[-71.1807,-34.2597],[-71.1797,-34.2616],[-71.1801,-34.2653],[-71.182,-34.2684],[-71.1838,-34.2701],[-71.1833,-34.2722],[-71.1838,-34.2751],[-71.1869,-34.2778],[-71.1872,-34.2789],[-71.1856,-34.2817],[-71.1849,-34.2839],[-71.1849,-34.2878],[-71.1863,-34.2922],[-71.1853,-34.2958],[-71.1859,-34.2991],[-71.1869,-34.301],[-71.1897,-34.3034],[-71.1897,-34.3058],[-71.189,-34.3075],[-71.1891,-34.3099],[-71.1884,-34.3116],[-71.187,-34.3127],[-71.1873,-34.3168],[-71.1859,-34.3194],[-71.1838,-34.3214],[-71.1833,-34.3242],[-71.1823,-34.3258],[-71.1797,-34.3269],[-71.1778,-34.3288],[-71.1775,-34.3299],[-71.1793,-34.3351],[-71.1805,-34.3369],[-71.181,-34.3398],[-71.1795,-34.3413],[-71.1768,-34.3422],[-71.1734,-34.3425],[-71.1682,-34.3465],[-71.1678,-34.3473],[-71.1684,-34.3515],[-71.1659,-34.3518],[-71.1611,-34.3559],[-71.1633,-34.3661],[-71.1633,-34.3673],[-71.1596,-34.375],[-71.1556,-34.3785],[-71.1551,-34.3795],[-71.155,-34.3828],[-71.1538,-34.3859],[-71.1518,-34.3887],[-71.1494,-34.39],[-71.146,-34.3927],[-71.1455,-34.3946],[-71.1438,-34.3968],[-71.1406,-34.3993],[-71.1393,-34.4015],[-71.1387,-34.4059],[-71.1375,-34.4072],[-71.1361,-34.4097],[-71.1327,-34.4113],[-71.1351,-34.4126],[-71.1363,-34.4139],[-71.1392,-34.4158],[-71.1409,-34.4157],[-71.1428,-34.4168],[-71.1458,-34.4194],[-71.1472,-34.4202],[-71.1549,-34.4182],[-71.1613,-34.4178],[-71.1654,-34.4155],[-71.1687,-34.4156],[-71.1714,-34.4144],[-71.1737,-34.4151],[-71.1755,-34.4132],[-71.178,-34.4129],[-71.181,-34.4131],[-71.1819,-34.4116],[-71.182,-34.41],[-71.1834,-34.4064],[-71.1848,-34.4045],[-71.1873,-34.4028],[-71.1916,-34.4008],[-71.1945,-34.4002],[-71.198,-34.4],[-71.202,-34.399],[-71.2075,-34.3966],[-71.2097,-34.3968],[-71.213,-34.3961],[-71.2175,-34.3964],[-71.2211,-34.396],[-71.2248,-34.3969],[-71.2264,-34.3969],[-71.2281,-34.396],[-71.2291,-34.3937],[-71.2311,-34.3928],[-71.2324,-34.3898],[-71.2358,-34.3878],[-71.2388,-34.3852],[-71.2403,-34.3834],[-71.2404,-34.3817],[-71.2429,-34.3791],[-71.2447,-34.3754],[-71.246,-34.3737],[-71.2462,-34.3697],[-71.2453,-34.368],[-71.246,-34.3649],[-71.2516,-34.3615],[-71.2521,-34.3609],[-71.256,-34.3601],[-71.2587,-34.358],[-71.2591,-34.355],[-71.2589,-34.3537],[-71.2617,-34.3503],[-71.2628,-34.3493],[-71.2631,-34.3467],[-71.2668,-34.3452],[-71.2695,-34.3447],[-71.2744,-34.3422],[-71.2765,-34.3423],[-71.2796,-34.3431],[-71.2809,-34.3425],[-71.281,-34.3382],[-71.2826,-34.3369],[-71.2855,-34.336],[-71.2889,-34.3325],[-71.2909,-34.3324],[-71.2964,-34.3311],[-71.3021,-34.3307],[-71.3034,-34.3289],[-71.3053,-34.3282],[-71.3047,-34.3208],[-71.3041,-34.3164],[-71.303,-34.3117],[-71.2984,-34.295],[-71.2975,-34.2929],[-71.2972,-34.2899],[-71.2938,-34.2857],[-71.293,-34.2821],[-71.2918,-34.2815],[-71.289,-34.2822],[-71.2864,-34.2802],[-71.2822,-34.279],[-71.2767,-34.276],[-71.2751,-34.2749],[-71.2722,-34.2745],[-71.2711,-34.273],[-71.2683,-34.2708],[-71.2673,-34.2692],[-71.2675,-34.2642],[-71.2663,-34.26],[-71.2633,-34.2571],[-71.2602,-34.2576],[-71.2572,-34.2569],[-71.2528,-34.2537],[-71.2511,-34.2536],[-71.2486,-34.2568],[-71.2447,-34.2573],[-71.2411,-34.255],[-71.2398,-34.2548],[-71.2342,-34.2553],[-71.2296,-34.255],[-71.2245,-34.2568],[-71.2228,-34.2556],[-71.2192,-34.255],[-71.2171,-34.2542],[-71.2126,-34.2554],[-71.2076,-34.2532],[-71.2041,-34.2526],[-71.2004,-34.2493],[-71.1979,-34.2478],[-71.1946,-34.2472],[-71.1894,-34.2502],[-71.1874,-34.253],[-71.1814,-34.2558]]]},"properties":{"Comuna":"Peumo","Provincia":"Cachapoal","cod_comuna":6112}},{"type":"Feature","geometry":{"type":"Polygon","coordinates":[[[-71.3053,-34.3282],[-71.3034,-34.3289],[-71.3021,-34.3307],[-71.2964,-34.3311],[-71.2909,-34.3324],[-71.2889,-34.3325],[-71.2855,-34.336],[-71.2826,-34.3369],[-71.281,-34.3382],[-71.2809,-34.3425],[-71.2796,-34.3431],[-71.2765,-34.3423],[-71.2744,-34.3422],[-71.2695,-34.3447],[-71.2668,-34.3452],[-71.2631,-34.3467],[-71.2628,-34.3493],[-71.2617,-34.3503],[-71.2589,-34.3537],[-71.2591,-34.355],[-71.2587,-34.358],[-71.256,-34.3601],[-71.2521,-34.3609],[-71.2516,-34.3615],[-71.246,-34.3649],[-71.2453,-34.368],[-71.2462,-34.3697],[-71.246,-34.3737],[-71.2447,-34.3754],[-71.2429,-34.3791],[-71.2404,-34.3817],[-71.2403,-34.3834],[-71.2388,-34.3852],[-71.2358,-34.3878],[-71.2324,-34.3898],[-71.2311,-34.3928],[-71.2291,-34.3937],[-71.2281,-34.396],[-71.2264,-34.3969],[-71.2248,-34.3969],[-71.2211,-34.396],[-71.2175,-34.3964],[-71.213,-34.3961],[-71.2097,-34.3968],[-71.2075,-34.3966],[-71.202,-34.399],[-71.198,-34.4],[-71.1945,-34.4002],[-71.1916,-34.4008],[-71.1873,-34.4028],[-71.1848,-34.4045],[-71.1834,-34.4064],[-71.182,-34.41],[-71.1819,-34.4116],[-71.1826,-34.413],[-71.1815,-34.4152],[-71.1819,-34.4164],[-71.1842,-34.4192],[-71.1856,-34.4229],[-71.1883,-34.4252],[-71.1906,-34.4289],[-71.193,-34.4305],[-71.1944,-34.4336],[-71.1947,-34.4359],[-71.1933,-34.4409],[-71.1953,-34.4437],[-71.1966,-34.4447],[-71.1994,-34.4457],[-71.2039,-34.4448],[-71.2089,-34.4388],[-71.2144,-34.4344],[-71.2159,-34.4336],[-71.2184,-34.4332],[-71.2222,-34.4342],[-71.2254,-34.4335],[-71.2285,-34.434],[-71.2361,-34.4404],[-71.2364,-34.4421],[-71.2362,-34.4455],[-71.2366,-34.4467],[-71.2356,-34.4501],[-71.2354,-34.4524],[-71.2362,-34.4547],[-71.2361,-34.4563],[-71.2347,-34.4595],[-71.2343,-34.4633],[-71.2327,-34.4668],[-71.235,-34.4707],[-71.2386,-34.4746],[-71.2451,-34.4767],[-71.246,-34.4775],[-71.2471,-34.4813],[-71.2493,-34.4838],[-71.2527,-34.4849],[-71.2556,-34.4854],[-71.2573,-34.4824],[-71.2572,-34.4794],[-71.2604,-34.4754],[-71.2622,-34.4748],[-71.2647,-34.472],[-71.2671,-34.4721],[-71.2702,-34.4733],[-71.2725,-34.4736],[-71.2753,-34.4729],[-71.2765,-34.4717],[-71.2812,-34.47],[-71.2831,-34.4696],[-71.2859,-34.4684],[-71.2879,-34.468],[-71.2926,-34.4662],[-71.2943,-34.4652],[-71.2978,-34.4649],[-71.3014,-34.4637],[-71.3041,-34.4631],[-71.3079,-34.4597],[-71.3123,-34.4587],[-71.3142,-34.4565],[-71.3158,-34.4559],[-71.3184,-34.4538],[-71.3325,-34.4429],[-71.3388,-34.4375],[-71.3397,-34.4369],[-71.3425,-34.4382],[-71.3454,-34.4367],[-71.3456,-34.4382],[-71.3466,-34.4392],[-71.3492,-34.4401],[-71.3504,-34.4384],[-71.354,-34.4376],[-71.3558,-34.4402],[-71.3587,-34.4391],[-71.3592,-34.4372],[-71.3627,-34.4363],[-71.364,-34.4352],[-71.3637,-34.4337],[-71.3653,-34.4322],[-71.3666,-34.4324],[-71.3715,-34.4307],[-71.3724,-34.4312],[-71.3743,-34.4342],[-71.3754,-34.4349],[-71.3786,-34.4325],[-71.3791,-34.4309],[-71.3808,-34.4312],[-71.3849,-34.4339],[-71.3868,-34.4334],[-71.3879,-34.4315],[-71.3917,-34.4279],[-71.3921,-34.4267],[-71.3939,-34.4255],[-71.3972,-34.4244],[-71.4024,-34.4246],[-71.4033,-34.424],[-71.4032,-34.4212],[-71.4025,-34.4186],[-71.4021,-34.4143],[-71.4023,-34.4129],[-71.4061,-34.4114],[-71.4069,-34.4102],[-71.4064,-34.4085],[-71.4046,-34.4062],[-71.4022,-34.404],[-71.4019,-34.403],[-71.4046,-34.4009],[-71.4072,-34.4002],[-71.4095,-34.4007],[-71.4103,-34.4025],[-71.4141,-34.4033],[-71.4161,-34.4024],[-71.4168,-34.4002],[-71.4166,-34.3974],[-71.417,-34.3931],[-71.4169,-34.3903],[-71.4181,-34.3868],[-71.4194,-34.3857],[-71.4213,-34.3852],[-71.4229,-34.3858],[-71.4253,-34.3853],[-71.4266,-34.3836],[-71.4253,-34.3808],[-71.4273,-34.3784],[-71.4268,-34.3759],[-71.4274,-34.374],[-71.429,-34.3736],[-71.4273,-34.3648],[-71.4261,-34.3631],[-71.4253,-34.3607],[-71.4285,-34.361],[-71.4315,-34.3604],[-71.4347,-34.3594],[-71.4456,-34.3608],[-71.4586,-34.3621],[-71.4595,-34.3586],[-71.4597,-34.3552],[-71.461,-34.352],[-71.4594,-34.3495],[-71.459,-34.3467],[-71.4572,-34.3411],[-71.4569,-34.3392],[-71.4583,-34.3368],[-71.459,-34.3349],[-71.4599,-34.334],[-71.46,-34.3321],[-71.4584,-34.3304],[-71.4558,-34.3295],[-71.4556,-34.3279],[-71.4579,-34.325],[-71.4588,-34.3226],[-71.4586,-34.3207],[-71.4577,-34.3185],[-71.4569,-34.3154],[-71.457,-34.3139],[-71.4591,-34.3108],[-71.4588,-34.3097],[-71.4551,-34.3062],[-71.4542,-34.3046],[-71.4539,-34.3024],[-71.4547,-34.3016],[-71.457,-34.3025],[-71.4606,-34.3027],[-71.4635,-34.3018],[-71.465,-34.3024],[-71.4684,-34.3023],[-71.4696,-34.2992],[-71.4714,-34.297],[-71.4721,-34.2941],[-71.4711,-34.2911],[-71.469,-34.2879],[-71.4664,-34.2864],[-71.4644,-34.2863],[-71.4608,-34.2851],[-71.458,-34.2853],[-71.4571,-34.2869],[-71.4558,-34.287],[-71.4546,-34.2856],[-71.4567,-34.2835],[-71.4567,-34.2818],[-71.4581,-34.2802],[-71.4608,-34.2786],[-71.463,-34.279],[-71.4657,-34.2783],[-71.4663,-34.2773],[-71.4657,-34.2752],[-71.463,-34.2735],[-71.4619,-34.2714],[-71.4626,-34.2697],[-71.4622,-34.2686],[-71.4582,-34.2678],[-71.4569,-34.267],[-71.455,-34.2648],[-71.4564,-34.2631],[-71.4565,-34.2615],[-71.4557,-34.2601],[-71.4565,-34.2576],[-71.4563,-34.2558],[-71.4549,-34.2559],[-71.4539,-34.2549],[-71.4529,-34.2476],[-71.4535,-34.2462],[-71.4566,-34.2433],[-71.46,-34.2412],[-71.4628,-34.2376],[-71.4573,-34.2399],[-71.454,-34.2406],[-71.4504,-34.2424],[-71.4475,-34.2452],[-71.445,-34.2483],[-71.4422,-34.2551],[-71.4393,-34.2636],[-71.4385,-34.2673],[-71.4376,-34.2691],[-71.4366,-34.2725],[-71.4351,-34.2745],[-71.4333,-34.2756],[-71.4309,-34.2763],[-71.4278,-34.2756],[-71.4261,-34.2746],[-71.4228,-34.2705],[-71.4203,-34.2704],[-71.4174,-34.2712],[-71.4162,-34.2731],[-71.4118,-34.2736],[-71.4109,-34.2734],[-71.4077,-34.2694],[-71.4018,-34.2683],[-71.3982,-34.2682],[-71.3935,-34.2699],[-71.3915,-34.2701],[-71.3897,-34.2696],[-71.3871,-34.2699],[-71.3821,-34.2718],[-71.3772,-34.2717],[-71.375,-34.2727],[-71.3724,-34.2749],[-71.3699,-34.2747],[-71.367,-34.2752],[-71.3606,-34.2771],[-71.359,-34.2782],[-71.3576,-34.283],[-71.3547,-34.2852],[-71.353,-34.2849],[-71.351,-34.2854],[-71.3506,-34.2885],[-71.3487,-34.292],[-71.3416,-34.2954],[-71.3406,-34.2965],[-71.3404,-34.2991],[-71.3411,-34.3018],[-71.3401,-34.3035],[-71.3374,-34.3042],[-71.336,-34.3061],[-71.3323,-34.3077],[-71.3286,-34.3101],[-71.3272,-34.3117],[-71.3269,-34.3133],[-71.3259,-34.3143],[-71.3255,-34.3164],[-71.324,-34.319],[-71.3214,-34.3215],[-71.3196,-34.3221],[-71.3161,-34.3219],[-71.3146,-34.3249],[-71.3116,-34.3267],[-71.3099,-34.3267],[-71.3081,-34.3258],[-71.3072,-34.3274],[-71.3053,-34.3282]]]},"properties":{"Comuna":"Pichidegua","Provincia":"Cachapoal","cod_comuna":6113}},{"type":"Feature","geometry":{"type":"Polygon","coordinates":[[[-70.8185,-34.0354],[-70.8177,-34.0355],[-70.8181,-34.0384],[-70.8164,-34.0401],[-70.8137,-34.0402],[-70.8091,-34.0413],[-70.807,-34.0425],[-70.8039,-34.0449],[-70.8036,-34.0467],[-70.8046,-34.0496],[-70.8037,-34.0515],[-70.804,-34.0552],[-70.8021,-34.0573],[-70.8021,-34.0594],[-70.801,-34.0634],[-70.8034,-34.0708],[-70.8036,-34.0724],[-70.8027,-34.0788],[-70.8034,-34.0798],[-70.8035,-34.0827],[-70.804,-34.0839],[-70.804,-34.0884],[-70.8008,-34.0907],[-70.7989,-34.0916],[-70.7967,-34.0945],[-70.7965,-34.0965],[-70.7936,-34.0988],[-70.7901,-34.0992],[-70.788,-34.1011],[-70.7865,-34.1061],[-70.785,-34.1077],[-70.7822,-34.1081],[-70.7824,-34.1114],[-70.7835,-34.1128],[-70.7779,-34.113],[-70.7758,-34.1125],[-70.7732,-34.1109],[-70.7721,-34.1112],[-70.7695,-34.1099],[-70.767,-34.1096],[-70.7644,-34.1101],[-70.7598,-34.1105],[-70.7556,-34.1096],[-70.7522,-34.1096],[-70.7478,-34.1106],[-70.7428,-34.1085],[-70.7397,-34.1086],[-70.7338,-34.1071],[-70.7289,-34.1053],[-70.7234,-34.1057],[-70.7219,-34.106],[-70.715,-34.1063],[-70.7142,-34.1089],[-70.7116,-34.1106],[-70.7106,-34.1141],[-70.7117,-34.1162],[-70.7096,-34.1175],[-70.7098,-34.1192],[-70.7089,-34.1212],[-70.705,-34.1223],[-70.7041,-34.1238],[-70.7019,-34.1258],[-70.6984,-34.1258],[-70.6977,-34.1269],[-70.6957,-34.127],[-70.6936,-34.129],[-70.6931,-34.131],[-70.6922,-34.1322],[-70.6921,-34.134],[-70.6893,-34.1381],[-70.6843,-34.1418],[-70.6838,-34.1451],[-70.6822,-34.148],[-70.6806,-34.1493],[-70.6797,-34.151],[-70.6797,-34.1533],[-70.6781,-34.1589],[-70.6768,-34.1613],[-70.6784,-34.1618],[-70.681,-34.1634],[-70.6868,-34.1658],[-70.6912,-34.167],[-70.696,-34.1702],[-70.7009,-34.176],[-70.7023,-34.1785],[-70.7067,-34.1852],[-70.7099,-34.192],[-70.7094,-34.1939],[-70.7112,-34.1953],[-70.7135,-34.1965],[-70.7161,-34.2003],[-70.7181,-34.2023],[-70.7215,-34.2034],[-70.7242,-34.2068],[-70.7195,-34.2094],[-70.7196,-34.2102],[-70.7232,-34.2152],[-70.7266,-34.2144],[-70.7278,-34.2128],[-70.7299,-34.2118],[-70.7325,-34.2092],[-70.7329,-34.2059],[-70.7346,-34.2039],[-70.7378,-34.2027],[-70.7403,-34.201],[-70.741,-34.1991],[-70.7423,-34.1987],[-70.7457,-34.1991],[-70.7494,-34.1981],[-70.7509,-34.1962],[-70.7535,-34.1949],[-70.7546,-34.1932],[-70.7556,-34.1932],[-70.7603,-34.1911],[-70.7631,-34.1916],[-70.7662,-34.1906],[-70.7733,-34.1899],[-70.7775,-34.1908],[-70.7809,-34.1887],[-70.7828,-34.1885],[-70.7845,-34.1891],[-70.7892,-34.1897],[-70.7944,-34.1912],[-70.7997,-34.1913],[-70.8123,-34.19],[-70.8152,-34.1886],[-70.8248,-34.1885],[-70.828,-34.1889],[-70.8387,-34.1909],[-70.8422,-34.1923],[-70.8428,-34.1916],[-70.8455,-34.1913],[-70.8471,-34.1918],[-70.8497,-34.1914],[-70.8511,-34.19],[-70.8593,-34.1866],[-70.8599,-34.1849],[-70.8629,-34.1835],[-70.8653,-34.1812],[-70.8683,-34.1796],[-70.8704,-34.1775],[-70.8737,-34.1728],[-70.876,-34.1713],[-70.8769,-34.1692],[-70.8791,-34.1664],[-70.88,-34.1637],[-70.8855,-34.1599],[-70.8876,-34.1572],[-70.8921,-34.1564],[-70.8958,-34.1539],[-70.8993,-34.1531],[-70.9028,-34.153],[-70.906,-34.1524],[-70.9086,-34.1498],[-70.9118,-34.1484],[-70.9127,-34.1465],[-70.9143,-34.1447],[-70.9163,-34.1418],[-70.9208,-34.1398],[-70.9231,-34.1391],[-70.9257,-34.1376],[-70.9274,-34.1371],[-70.9292,-34.1352],[-70.9299,-34.1336],[-70.9306,-34.1302],[-70.9314,-34.1291],[-70.9321,-34.1263],[-70.9343,-34.1239],[-70.9355,-34.1192],[-70.9354,-34.1176],[-70.9382,-34.114],[-70.9389,-34.1119],[-70.9387,-34.1092],[-70.941,-34.1063],[-70.9412,-34.1052],[-70.9383,-34.1011],[-70.9382,-34.0993],[-70.9387,-34.0962],[-70.9372,-34.0928],[-70.9375,-34.0904],[-70.935,-34.0867],[-70.9339,-34.0857],[-70.9298,-34.0836],[-70.9275,-34.082],[-70.923,-34.0796],[-70.9194,-34.078],[-70.9172,-34.0782],[-70.9166,-34.0791],[-70.9129,-34.0806],[-70.9101,-34.0783],[-70.9068,-34.0769],[-70.9038,-34.0772],[-70.8997,-34.0794],[-70.8971,-34.0785],[-70.8937,-34.0765],[-70.8914,-34.072],[-70.8912,-34.0679],[-70.8919,-34.0665],[-70.8912,-34.0642],[-70.8913,-34.0623],[-70.8891,-34.0592],[-70.8893,-34.0568],[-70.8888,-34.0547],[-70.8894,-34.0527],[-70.8917,-34.0508],[-70.8919,-34.0496],[-70.891,-34.0471],[-70.8908,-34.0444],[-70.8891,-34.0415],[-70.8882,-34.0387],[-70.8828,-34.0398],[-70.877,-34.0374],[-70.8721,-34.0374],[-70.8685,-34.0363],[-70.8666,-34.0349],[-70.866,-34.0335],[-70.8643,-34.0324],[-70.86,-34.0308],[-70.8573,-34.0308],[-70.8554,-34.0301],[-70.8503,-34.0299],[-70.8468,-34.0286],[-70.8438,-34.0293],[-70.843,-34.0312],[-70.8415,-34.032],[-70.8384,-34.0321],[-70.8347,-34.0327],[-70.8332,-34.0321],[-70.8309,-34.0321],[-70.828,-34.0334],[-70.8246,-34.0355],[-70.8229,-34.0358],[-70.8185,-34.0354]]]},"properties":{"Comuna":"Rancagua","Provincia":"Cachapoal","cod_comuna":6101}},{"type":"Feature","geometry":{"type":"Polygon","coordinates":[[[-70.7299,-34.2118],[-70.7278,-34.2128],[-70.7266,-34.2144],[-70.7232,-34.2152],[-70.7221,-34.216],[-70.718,-34.2163],[-70.7153,-34.217],[-70.7108,-34.217],[-70.7094,-34.2166],[-70.7053,-34.2143],[-70.703,-34.2136],[-70.6968,-34.2146],[-70.6912,-34.2176],[-70.6896,-34.2178],[-70.6845,-34.2205],[-70.68,-34.2206],[-70.6772,-34.221],[-70.6755,-34.2227],[-70.6722,-34.2245],[-70.6708,-34.2259],[-70.6692,-34.2286],[-70.6691,-34.2313],[-70.668,-34.233],[-70.6654,-34.2354],[-70.6596,-34.2391],[-70.656,-34.2397],[-70.6526,-34.2418],[-70.6493,-34.2429],[-70.6455,-34.2435],[-70.6421,-34.2445],[-70.6385,-34.2463],[-70.6377,-34.2475],[-70.6377,-34.2505],[-70.6366,-34.2525],[-70.6331,-34.2555],[-70.6278,-34.2573],[-70.623,-34.2573],[-70.6215,-34.258],[-70.6205,-34.2605],[-70.6185,-34.2637],[-70.6171,-34.2648],[-70.6132,-34.2651],[-70.6109,-34.2657],[-70.6072,-34.2661],[-70.6041,-34.2676],[-70.6019,-34.2677],[-70.5995,-34.269],[-70.5925,-34.2698],[-70.5896,-34.2688],[-70.5877,-34.2694],[-70.5864,-34.2721],[-70.5843,-34.2738],[-70.58,-34.2749],[-70.5773,-34.2748],[-70.574,-34.276],[-70.5677,-34.2759],[-70.559,-34.2779],[-70.556,-34.2793],[-70.5562,-34.2817],[-70.5541,-34.2838],[-70.552,-34.2845],[-70.5502,-34.2834],[-70.5479,-34.2831],[-70.5454,-34.2838],[-70.543,-34.2834],[-70.5412,-34.2837],[-70.5399,-34.2852],[-70.5382,-34.2883],[-70.5352,-34.29],[-70.5331,-34.2903],[-70.5304,-34.2891],[-70.5255,-34.2884],[-70.5229,-34.2917],[-70.5219,-34.2936],[-70.5192,-34.2945],[-70.5174,-34.2944],[-70.5125,-34.2914],[-70.5076,-34.292],[-70.5036,-34.2929],[-70.5026,-34.2945],[-70.5016,-34.2975],[-70.502,-34.2995],[-70.4997,-34.3067],[-70.4998,-34.3105],[-70.4985,-34.3113],[-70.4947,-34.3115],[-70.4931,-34.3123],[-70.4895,-34.3188],[-70.4856,-34.3214],[-70.4843,-34.324],[-70.4841,-34.327],[-70.4805,-34.3293],[-70.4763,-34.3341],[-70.4742,-34.335],[-70.4705,-34.3357],[-70.4687,-34.3379],[-70.4638,-34.3425],[-70.4607,-34.344],[-70.4608,-34.3466],[-70.4583,-34.3485],[-70.4559,-34.3515],[-70.455,-34.3541],[-70.4551,-34.3576],[-70.4537,-34.3596],[-70.4571,-34.3625],[-70.4577,-34.3634],[-70.4582,-34.3665],[-70.4604,-34.3675],[-70.4613,-34.3695],[-70.4604,-34.3703],[-70.4595,-34.3728],[-70.4596,-34.374],[-70.4609,-34.3749],[-70.4631,-34.3776],[-70.4616,-34.3805],[-70.4613,-34.3853],[-70.4615,-34.3887],[-70.4611,-34.3903],[-70.4621,-34.3944],[-70.4632,-34.3962],[-70.467,-34.4005],[-70.4697,-34.4014],[-70.471,-34.4028],[-70.475,-34.4029],[-70.4777,-34.4067],[-70.4799,-34.4079],[-70.4816,-34.4099],[-70.4829,-34.4133],[-70.4852,-34.4145],[-70.4884,-34.4192],[-70.4877,-34.4208],[-70.4885,-34.4227],[-70.4907,-34.4242],[-70.4946,-34.4278],[-70.4945,-34.4308],[-70.4958,-34.435],[-70.4989,-34.4386],[-70.4985,-34.4422],[-70.4994,-34.444],[-70.5004,-34.45],[-70.5033,-34.4534],[-70.5061,-34.4547],[-70.5091,-34.4566],[-70.5112,-34.4589],[-70.514,-34.4641],[-70.515,-34.4652],[-70.5186,-34.4673],[-70.5201,-34.4694],[-70.5234,-34.4712],[-70.5266,-34.4777],[-70.5295,-34.4818],[-70.5309,-34.4854],[-70.5309,-34.4898],[-70.534,-34.4887],[-70.5375,-34.4886],[-70.5416,-34.4907],[-70.5451,-34.4921],[-70.5462,-34.4932],[-70.55,-34.4949],[-70.5554,-34.496],[-70.5571,-34.4971],[-70.5598,-34.4977],[-70.5618,-34.4958],[-70.5658,-34.494],[-70.5678,-34.4924],[-70.5734,-34.4848],[-70.5746,-34.482],[-70.5746,-34.4792],[-70.5756,-34.476],[-70.5777,-34.4733],[-70.5816,-34.4698],[-70.5819,-34.4675],[-70.5814,-34.4636],[-70.5807,-34.4623],[-70.581,-34.4601],[-70.5804,-34.4566],[-70.5812,-34.4542],[-70.5827,-34.453],[-70.5875,-34.4518],[-70.5905,-34.4517],[-70.5956,-34.4532],[-70.604,-34.4523],[-70.6082,-34.4511],[-70.6115,-34.4496],[-70.614,-34.4489],[-70.6178,-34.4485],[-70.6198,-34.449],[-70.6211,-34.4502],[-70.6242,-34.4521],[-70.6267,-34.4525],[-70.63,-34.4518],[-70.6331,-34.4478],[-70.635,-34.4474],[-70.6368,-34.4484],[-70.6413,-34.4532],[-70.6432,-34.4549],[-70.6448,-34.4569],[-70.6484,-34.4593],[-70.6509,-34.4596],[-70.6536,-34.4611],[-70.6584,-34.463],[-70.6619,-34.4636],[-70.6658,-34.4633],[-70.669,-34.4626],[-70.6705,-34.4613],[-70.6705,-34.459],[-70.6717,-34.4571],[-70.6756,-34.454],[-70.6753,-34.4523],[-70.6719,-34.4512],[-70.6718,-34.4496],[-70.6742,-34.4446],[-70.672,-34.4427],[-70.6682,-34.4412],[-70.6655,-34.4392],[-70.6644,-34.4369],[-70.6663,-34.4319],[-70.6679,-34.4292],[-70.6696,-34.4277],[-70.6712,-34.4252],[-70.6719,-34.4226],[-70.6715,-34.421],[-70.6678,-34.4161],[-70.6665,-34.4127],[-70.6681,-34.41],[-70.6681,-34.4066],[-70.6684,-34.4048],[-70.6703,-34.4035],[-70.6724,-34.4028],[-70.6764,-34.4025],[-70.6802,-34.4015],[-70.6855,-34.4007],[-70.6874,-34.4017],[-70.6885,-34.4031],[-70.6932,-34.4049],[-70.6965,-34.4053],[-70.7004,-34.4049],[-70.7015,-34.4038],[-70.7022,-34.4015],[-70.7021,-34.3987],[-70.7028,-34.3978],[-70.7055,-34.3972],[-70.7072,-34.3942],[-70.7097,-34.3918],[-70.713,-34.3925],[-70.7141,-34.3923],[-70.7178,-34.3897],[-70.7179,-34.388],[-70.72,-34.3853],[-70.7211,-34.3849],[-70.7248,-34.3847],[-70.7294,-34.3873],[-70.7334,-34.3893],[-70.7351,-34.3889],[-70.7365,-34.3869],[-70.7384,-34.3853],[-70.7417,-34.3832],[-70.7461,-34.3825],[-70.7503,-34.381],[-70.752,-34.3798],[-70.753,-34.3782],[-70.7548,-34.378],[-70.7556,-34.3754],[-70.7634,-34.3738],[-70.7635,-34.3721],[-70.7644,-34.3714],[-70.7648,-34.3695],[-70.7675,-34.3673],[-70.7677,-34.3645],[-70.7735,-34.3583],[-70.7738,-34.3529],[-70.7769,-34.3526],[-70.7793,-34.3518],[-70.7798,-34.3506],[-70.7877,-34.348],[-70.7903,-34.3461],[-70.7911,-34.345],[-70.7928,-34.3446],[-70.7956,-34.3425],[-70.8018,-34.3443],[-70.8034,-34.346],[-70.8063,-34.3452],[-70.8104,-34.3453],[-70.8114,-34.3449],[-70.8116,-34.3432],[-70.8094,-34.3403],[-70.8228,-34.3374],[-70.8306,-34.3359],[-70.8344,-34.3348],[-70.8312,-34.3261],[-70.8306,-34.3237],[-70.8285,-34.3179],[-70.8267,-34.3115],[-70.8382,-34.3084],[-70.8396,-34.3087],[-70.8425,-34.3073],[-70.8657,-34.3012],[-70.8714,-34.2994],[-70.8807,-34.297],[-70.9006,-34.2915],[-70.9033,-34.2906],[-70.9055,-34.2908],[-70.9134,-34.2891],[-70.915,-34.2898],[-70.9189,-34.289],[-70.9203,-34.288],[-70.9213,-34.2862],[-70.9234,-34.2858],[-70.9243,-34.2848],[-70.9211,-34.284],[-70.9125,-34.2814],[-70.9117,-34.2792],[-70.9117,-34.2749],[-70.9121,-34.2717],[-70.9113,-34.2669],[-70.9069,-34.2649],[-70.9072,-34.2609],[-70.906,-34.2588],[-70.9038,-34.2585],[-70.8975,-34.2607],[-70.892,-34.261],[-70.8898,-34.2618],[-70.8866,-34.2666],[-70.8829,-34.2707],[-70.8822,-34.2725],[-70.8812,-34.2728],[-70.8792,-34.2701],[-70.8773,-34.269],[-70.8721,-34.2689],[-70.8704,-34.268],[-70.8719,-34.2661],[-70.8756,-34.2646],[-70.8776,-34.2599],[-70.8791,-34.2577],[-70.8817,-34.2556],[-70.8812,-34.253],[-70.879,-34.2491],[-70.8775,-34.2457],[-70.8776,-34.2433],[-70.8794,-34.2423],[-70.8767,-34.2415],[-70.8752,-34.2405],[-70.8737,-34.2384],[-70.8706,-34.2387],[-70.8687,-34.2378],[-70.8669,-34.2362],[-70.8657,-34.2361],[-70.8626,-34.2345],[-70.8602,-34.2342],[-70.8574,-34.2326],[-70.8537,-34.2317],[-70.8505,-34.2319],[-70.8447,-34.2281],[-70.8389,-34.2278],[-70.8377,-34.2272],[-70.8315,-34.2262],[-70.8272,-34.224],[-70.824,-34.2235],[-70.8204,-34.2233],[-70.8137,-34.2243],[-70.8105,-34.2219],[-70.8082,-34.2215],[-70.8041,-34.22],[-70.802,-34.2204],[-70.8017,-34.2214],[-70.8001,-34.2217],[-70.7969,-34.2206],[-70.792,-34.2196],[-70.7831,-34.2187],[-70.7797,-34.2164],[-70.7772,-34.2156],[-70.7726,-34.2166],[-70.7694,-34.2163],[-70.7648,-34.2144],[-70.7596,-34.2141],[-70.7578,-34.2137],[-70.7541,-34.2139],[-70.75,-34.2127],[-70.7398,-34.2093],[-70.738,-34.2091],[-70.7337,-34.2097],[-70.7321,-34.2116],[-70.7299,-34.2118]]]},"properties":{"Comuna":"Requínoa","Provincia":"Cachapoal","cod_comuna":6116}},{"type":"Feature","geometry":{"type":"Polygon","coordinates":[[[-70.3786,-33.9188],[-70.3789,-33.9201],[-70.3818,-33.9249],[-70.3833,-33.9282],[-70.3865,-33.9307],[-70.3877,-33.9322],[-70.3869,-33.9356],[-70.3886,-33.9401],[-70.388,-33.9424],[-70.388,-33.9456],[-70.387,-33.948],[-70.387,-33.9493],[-70.3858,-33.9525],[-70.3854,-33.9552],[-70.3874,-33.9585],[-70.3877,-33.962],[-70.3904,-33.9665],[-70.3928,-33.9693],[-70.3928,-33.9709],[-70.3954,-33.9762],[-70.3979,-33.978],[-70.3995,-33.9815],[-70.3992,-33.9845],[-70.3982,-33.986],[-70.3996,-33.9908],[-70.3995,-33.9939],[-70.3986,-33.9968],[-70.3993,-33.9976],[-70.4025,-33.999],[-70.4029,-34.0009],[-70.4052,-34.0022],[-70.4053,-34.0048],[-70.4047,-34.007],[-70.4073,-34.0087],[-70.4094,-34.0106],[-70.4113,-34.0134],[-70.4127,-34.0143],[-70.4211,-34.0144],[-70.4237,-34.0156],[-70.4266,-34.0131],[-70.4288,-34.0124],[-70.4302,-34.0106],[-70.436,-34.0118],[-70.4385,-34.0108],[-70.44,-34.0116],[-70.4423,-34.0114],[-70.4432,-34.0121],[-70.4488,-34.0108],[-70.4537,-34.0117],[-70.4552,-34.0107],[-70.4572,-34.0106],[-70.4601,-34.009],[-70.4641,-34.0103],[-70.4701,-34.0098],[-70.4709,-34.0104],[-70.4728,-34.0098],[-70.477,-34.0102],[-70.4801,-34.012],[-70.4848,-34.0138],[-70.488,-34.0125],[-70.4907,-34.0149],[-70.4929,-34.0156],[-70.4952,-34.0158],[-70.4959,-34.0178],[-70.4986,-34.0191],[-70.4991,-34.0202],[-70.501,-34.0211],[-70.501,-34.0234],[-70.502,-34.024],[-70.5025,-34.0265],[-70.5021,-34.028],[-70.5039,-34.0302],[-70.5034,-34.0327],[-70.5043,-34.0342],[-70.5038,-34.036],[-70.5046,-34.037],[-70.5045,-34.0387],[-70.5093,-34.0421],[-70.5142,-34.042],[-70.5175,-34.0387],[-70.5213,-34.0388],[-70.5243,-34.0381],[-70.533,-34.0375],[-70.5368,-34.0379],[-70.5467,-34.0358],[-70.5492,-34.0358],[-70.5547,-34.0324],[-70.5575,-34.0298],[-70.5593,-34.0306],[-70.5608,-34.0304],[-70.5673,-34.0329],[-70.5685,-34.0342],[-70.5759,-34.0345],[-70.5794,-34.033],[-70.5805,-34.0334],[-70.5841,-34.0332],[-70.5848,-34.0338],[-70.5878,-34.0331],[-70.5904,-34.0336],[-70.5938,-34.0349],[-70.6016,-34.0363],[-70.6091,-34.0369],[-70.6148,-34.0366],[-70.6174,-34.0361],[-70.6257,-34.0353],[-70.6305,-34.0346],[-70.6358,-34.0334],[-70.6388,-34.0333],[-70.6384,-34.024],[-70.6419,-34.0234],[-70.6444,-34.024],[-70.6441,-34.0215],[-70.6422,-34.0202],[-70.6435,-34.0196],[-70.6486,-34.0205],[-70.6523,-34.0185],[-70.6551,-34.0177],[-70.6568,-34.0167],[-70.6568,-34.0193],[-70.6595,-34.0188],[-70.666,-34.0186],[-70.6683,-34.0176],[-70.6664,-34.0122],[-70.6676,-34.0114],[-70.6731,-34.0104],[-70.6786,-34.009],[-70.6813,-34.0075],[-70.6866,-34.014],[-70.7036,-34.0189],[-70.7167,-34.0225],[-70.7212,-34.0246],[-70.7224,-34.0255],[-70.7256,-34.0293],[-70.7277,-34.0301],[-70.7295,-34.0287],[-70.736,-34.0275],[-70.7392,-34.0254],[-70.7433,-34.022],[-70.7447,-34.0195],[-70.746,-34.0189],[-70.7477,-34.0162],[-70.7506,-34.0144],[-70.7532,-34.0105],[-70.7541,-34.0099],[-70.7579,-34.0092],[-70.7621,-34.0094],[-70.7638,-34.0092],[-70.7677,-34.007],[-70.7723,-34.0069],[-70.7755,-34.0058],[-70.7777,-34.0056],[-70.7806,-34.0034],[-70.7825,-34.0031],[-70.7853,-34.0007],[-70.791,-33.9983],[-70.7934,-33.997],[-70.7932,-33.9951],[-70.7919,-33.994],[-70.7923,-33.9923],[-70.7956,-33.9908],[-70.7975,-33.9885],[-70.7974,-33.985],[-70.7958,-33.9823],[-70.7961,-33.9803],[-70.7981,-33.9748],[-70.8004,-33.9737],[-70.8063,-33.9716],[-70.8101,-33.9711],[-70.8118,-33.969],[-70.815,-33.9664],[-70.8195,-33.9651],[-70.8217,-33.9633],[-70.8249,-33.9619],[-70.8241,-33.9587],[-70.824,-33.9567],[-70.8249,-33.9534],[-70.8242,-33.9515],[-70.8205,-33.9502],[-70.8184,-33.9487],[-70.8139,-33.9488],[-70.8127,-33.9494],[-70.8058,-33.9451],[-70.8057,-33.9421],[-70.8048,-33.9402],[-70.8037,-33.9393],[-70.8033,-33.9367],[-70.7984,-33.9346],[-70.797,-33.9317],[-70.7954,-33.9317],[-70.7915,-33.9346],[-70.7886,-33.9352],[-70.787,-33.9367],[-70.7849,-33.9368],[-70.7828,-33.9384],[-70.7786,-33.9392],[-70.7764,-33.9416],[-70.7727,-33.9423],[-70.7698,-33.9442],[-70.7672,-33.9427],[-70.7648,-33.9432],[-70.7622,-33.9424],[-70.7583,-33.9429],[-70.7574,-33.9412],[-70.755,-33.939],[-70.7543,-33.9376],[-70.7526,-33.9371],[-70.7513,-33.9352],[-70.7485,-33.9327],[-70.7468,-33.9301],[-70.7464,-33.9282],[-70.7442,-33.9259],[-70.7442,-33.9245],[-70.7418,-33.923],[-70.74,-33.9224],[-70.738,-33.9229],[-70.7313,-33.9225],[-70.729,-33.9211],[-70.7273,-33.9181],[-70.7257,-33.9183],[-70.7253,-33.9186],[-70.7244,-33.9197],[-70.7195,-33.9174],[-70.719,-33.9164],[-70.7167,-33.9152],[-70.7164,-33.9143],[-70.7145,-33.9128],[-70.7122,-33.9101],[-70.7122,-33.9077],[-70.7115,-33.9067],[-70.7089,-33.9055],[-70.705,-33.906],[-70.7012,-33.9058],[-70.6934,-33.9112],[-70.6911,-33.9122],[-70.6887,-33.9145],[-70.6862,-33.9181],[-70.6852,-33.9229],[-70.6828,-33.9248],[-70.6804,-33.9255],[-70.6779,-33.9276],[-70.6749,-33.9295],[-70.6741,-33.9318],[-70.6722,-33.9337],[-70.6683,-33.9344],[-70.6629,-33.9382],[-70.6591,-33.9381],[-70.654,-33.9369],[-70.6518,-33.935],[-70.6498,-33.9347],[-70.6482,-33.9352],[-70.644,-33.9338],[-70.6434,-33.9319],[-70.6404,-33.929],[-70.639,-33.9243],[-70.6401,-33.9223],[-70.6382,-33.9196],[-70.637,-33.9174],[-70.6324,-33.9154],[-70.6259,-33.9136],[-70.6239,-33.9119],[-70.6215,-33.9074],[-70.6173,-33.9031],[-70.6172,-33.9018],[-70.6132,-33.9009],[-70.6105,-33.8998],[-70.6087,-33.8982],[-70.6058,-33.8985],[-70.6039,-33.8969],[-70.6001,-33.8945],[-70.5992,-33.8942],[-70.5944,-33.8942],[-70.5907,-33.8937],[-70.5881,-33.8923],[-70.5858,-33.893],[-70.5854,-33.8945],[-70.5838,-33.8966],[-70.5827,-33.8972],[-70.5774,-33.8969],[-70.5753,-33.8958],[-70.5748,-33.8937],[-70.5712,-33.8914],[-70.5677,-33.8903],[-70.564,-33.8887],[-70.5621,-33.8868],[-70.5607,-33.8844],[-70.5577,-33.8843],[-70.5549,-33.882],[-70.5497,-33.8816],[-70.545,-33.8817],[-70.5425,-33.8812],[-70.5408,-33.8814],[-70.5393,-33.8825],[-70.5354,-33.883],[-70.5326,-33.8857],[-70.5293,-33.8866],[-70.5252,-33.8858],[-70.5237,-33.8864],[-70.5184,-33.887],[-70.5172,-33.8877],[-70.5161,-33.888],[-70.5129,-33.8858],[-70.5106,-33.8851],[-70.5088,-33.8826],[-70.5083,-33.8798],[-70.5075,-33.8784],[-70.5044,-33.8761],[-70.5036,-33.8708],[-70.5049,-33.8665],[-70.5037,-33.8639],[-70.5026,-33.863],[-70.4977,-33.8615],[-70.4954,-33.8604],[-70.4941,-33.8606],[-70.4932,-33.8619],[-70.4889,-33.862],[-70.4847,-33.8611],[-70.481,-33.862],[-70.4773,-33.8602],[-70.4753,-33.8607],[-70.4746,-33.862],[-70.4731,-33.8627],[-70.4673,-33.8611],[-70.462,-33.8586],[-70.4594,-33.8581],[-70.4555,-33.8585],[-70.4503,-33.8584],[-70.4483,-33.8576],[-70.4443,-33.8554],[-70.4414,-33.8513],[-70.4399,-33.8506],[-70.437,-33.8514],[-70.4338,-33.8536],[-70.4274,-33.8549],[-70.4226,-33.8547],[-70.4188,-33.8563],[-70.4176,-33.8598],[-70.4141,-33.864],[-70.4132,-33.8676],[-70.4107,-33.871],[-70.4058,-33.8747],[-70.4017,-33.8767],[-70.3988,-33.8799],[-70.3965,-33.8808],[-70.3914,-33.8819],[-70.3881,-33.881],[-70.3852,-33.8794],[-70.3826,-33.8797],[-70.3765,-33.8825],[-70.3749,-33.8837],[-70.3746,-33.8868],[-70.3755,-33.8888],[-70.3743,-33.8902],[-70.3732,-33.8937],[-70.3714,-33.8954],[-70.3726,-33.8977],[-70.3727,-33.9002],[-70.3686,-33.9064],[-70.3691,-33.9077],[-70.3717,-33.9096],[-70.375,-33.9111],[-70.3757,-33.9126],[-70.3757,-33.9155],[-70.3786,-33.9188]]]},"properties":{"Comuna":"Mostazal","Provincia":"Cachapoal","cod_comuna":6110}},{"type":"Feature","geometry":{"type":"Polygon","coordinates":[[[-71.0885,-34.3129],[-71.0884,-34.314],[-71.0841,-34.3199],[-71.0831,-34.3224],[-71.0812,-34.3233],[-71.0784,-34.3258],[-71.078,-34.3297],[-71.077,-34.3317],[-71.0758,-34.3328],[-71.0741,-34.3315],[-71.0719,-34.3317],[-71.0707,-34.3324],[-71.0677,-34.3322],[-71.0682,-34.3355],[-71.0666,-34.3365],[-71.0667,-34.3378],[-71.0647,-34.3405],[-71.0617,-34.3419],[-71.061,-34.3438],[-71.0618,-34.3459],[-71.062,-34.3485],[-71.0629,-34.3502],[-71.0628,-34.3572],[-71.0673,-34.3572],[-71.0688,-34.3598],[-71.0671,-34.3598],[-71.0677,-34.365],[-71.0683,-34.3649],[-71.069,-34.3699],[-71.0708,-34.3709],[-71.0745,-34.3741],[-71.0724,-34.3749],[-71.0709,-34.3746],[-71.0684,-34.3752],[-71.0657,-34.3773],[-71.0641,-34.3765],[-71.0623,-34.3772],[-71.0594,-34.3802],[-71.0569,-34.3811],[-71.0546,-34.381],[-71.0517,-34.3795],[-71.0505,-34.3798],[-71.0501,-34.3812],[-71.0486,-34.3822],[-71.0461,-34.3826],[-71.0448,-34.3842],[-71.0421,-34.384],[-71.04,-34.3829],[-71.0364,-34.3835],[-71.0332,-34.3827],[-71.0289,-34.383],[-71.0277,-34.3839],[-71.0281,-34.3858],[-71.03,-34.3878],[-71.0328,-34.3899],[-71.0338,-34.3887],[-71.0353,-34.3885],[-71.0375,-34.3872],[-71.0386,-34.3913],[-71.0392,-34.3956],[-71.0406,-34.3975],[-71.0405,-34.4004],[-71.0377,-34.4026],[-71.0384,-34.4048],[-71.0418,-34.4063],[-71.0432,-34.4075],[-71.0465,-34.4118],[-71.0487,-34.4139],[-71.0491,-34.4161],[-71.0458,-34.4161],[-71.0421,-34.4177],[-71.039,-34.4198],[-71.0357,-34.4205],[-71.0338,-34.4214],[-71.0322,-34.4228],[-71.0274,-34.4253],[-71.0253,-34.4276],[-71.0233,-34.4283],[-71.0217,-34.4279],[-71.0166,-34.4279],[-71.0111,-34.4285],[-71.0101,-34.4291],[-71.0103,-34.4314],[-71.0096,-34.4334],[-71.0071,-34.4347],[-71.0032,-34.4376],[-70.9999,-34.4386],[-70.9969,-34.4386],[-70.9952,-34.4381],[-70.9892,-34.4369],[-70.9863,-34.4344],[-70.9842,-34.434],[-70.9814,-34.4341],[-70.9801,-34.435],[-70.9774,-34.4389],[-70.9754,-34.4447],[-70.9761,-34.448],[-70.975,-34.4507],[-70.9714,-34.4555],[-70.9702,-34.4564],[-70.9692,-34.459],[-70.9666,-34.4607],[-70.9683,-34.4637],[-70.9662,-34.467],[-70.9646,-34.4677],[-70.9635,-34.4744],[-70.9617,-34.4753],[-70.9626,-34.4788],[-70.9645,-34.4809],[-70.9631,-34.4853],[-70.9645,-34.4862],[-70.9655,-34.4883],[-70.9681,-34.491],[-70.9674,-34.4931],[-70.9687,-34.4955],[-70.9679,-34.4964],[-70.9697,-34.498],[-70.9696,-34.4999],[-70.9705,-34.5016],[-70.9705,-34.5037],[-70.9679,-34.5057],[-70.9673,-34.5068],[-70.9678,-34.5086],[-70.9699,-34.5106],[-70.9704,-34.5127],[-70.9698,-34.5142],[-70.9744,-34.5156],[-70.9771,-34.5173],[-70.9801,-34.5172],[-70.9846,-34.5162],[-70.9875,-34.517],[-70.9934,-34.5204],[-70.9952,-34.5206],[-70.9975,-34.5191],[-71.002,-34.5173],[-71.0035,-34.5147],[-71.0053,-34.5143],[-71.0074,-34.515],[-71.0127,-34.52],[-71.0149,-34.5266],[-71.0161,-34.5288],[-71.0194,-34.5327],[-71.0243,-34.5374],[-71.026,-34.5384],[-71.0291,-34.5422],[-71.0335,-34.5454],[-71.0378,-34.5474],[-71.0419,-34.5483],[-71.0445,-34.5477],[-71.0476,-34.5476],[-71.0519,-34.547],[-71.055,-34.5474],[-71.0591,-34.5487],[-71.0618,-34.5504],[-71.0644,-34.5514],[-71.0709,-34.5521],[-71.0733,-34.553],[-71.0769,-34.5534],[-71.0799,-34.5525],[-71.0839,-34.5553],[-71.0897,-34.557],[-71.0932,-34.5577],[-71.0977,-34.5612],[-71.1024,-34.5607],[-71.1037,-34.5597],[-71.1067,-34.5596],[-71.1087,-34.5629],[-71.1124,-34.5665],[-71.1153,-34.5669],[-71.1168,-34.5683],[-71.1187,-34.5684],[-71.123,-34.5676],[-71.1257,-34.5685],[-71.1272,-34.5703],[-71.129,-34.5734],[-71.1293,-34.5749],[-71.1315,-34.5775],[-71.1326,-34.5781],[-71.133,-34.5811],[-71.1371,-34.581],[-71.1422,-34.5825],[-71.1472,-34.5823],[-71.149,-34.5836],[-71.1526,-34.5841],[-71.1546,-34.5852],[-71.1547,-34.5874],[-71.1573,-34.5902],[-71.1587,-34.5911],[-71.1616,-34.5896],[-71.1655,-34.5868],[-71.1677,-34.5861],[-71.172,-34.5857],[-71.1758,-34.5862],[-71.1784,-34.5861],[-71.1805,-34.5877],[-71.1859,-34.5894],[-71.1926,-34.5889],[-71.1954,-34.5882],[-71.2001,-34.589],[-71.204,-34.5904],[-71.206,-34.5906],[-71.2079,-34.5923],[-71.2103,-34.5931],[-71.2157,-34.5945],[-71.2161,-34.5955],[-71.2184,-34.5945],[-71.2204,-34.5928],[-71.2219,-34.5908],[-71.2242,-34.5891],[-71.2239,-34.5863],[-71.2258,-34.5852],[-71.2275,-34.5832],[-71.2298,-34.5821],[-71.2327,-34.5817],[-71.2376,-34.5787],[-71.2419,-34.5772],[-71.2432,-34.5772],[-71.2466,-34.578],[-71.2485,-34.5792],[-71.2501,-34.5811],[-71.2503,-34.5827],[-71.2539,-34.5848],[-71.2572,-34.5843],[-71.258,-34.5847],[-71.2617,-34.5845],[-71.2644,-34.5827],[-71.2659,-34.5802],[-71.2688,-34.576],[-71.271,-34.5738],[-71.2719,-34.5672],[-71.2724,-34.5665],[-71.2765,-34.5646],[-71.2791,-34.5617],[-71.2811,-34.5605],[-71.284,-34.5597],[-71.2895,-34.5567],[-71.2916,-34.5561],[-71.2928,-34.554],[-71.2907,-34.5519],[-71.2895,-34.5484],[-71.2883,-34.547],[-71.2851,-34.5455],[-71.2835,-34.5431],[-71.2803,-34.5405],[-71.2784,-34.5397],[-71.277,-34.5371],[-71.2764,-34.5348],[-71.2736,-34.5303],[-71.2703,-34.5292],[-71.2671,-34.525],[-71.2611,-34.5242],[-71.2586,-34.5217],[-71.2599,-34.5198],[-71.2603,-34.5167],[-71.2613,-34.5159],[-71.2605,-34.5128],[-71.2613,-34.509],[-71.2609,-34.5067],[-71.2584,-34.5033],[-71.2579,-34.5012],[-71.2541,-34.4977],[-71.2523,-34.4953],[-71.2518,-34.4931],[-71.2523,-34.4888],[-71.2533,-34.4874],[-71.2555,-34.4862],[-71.2556,-34.4854],[-71.2527,-34.4849],[-71.2493,-34.4838],[-71.2471,-34.4813],[-71.246,-34.4775],[-71.2451,-34.4767],[-71.2386,-34.4746],[-71.235,-34.4707],[-71.2327,-34.4668],[-71.2343,-34.4633],[-71.2347,-34.4595],[-71.2361,-34.4563],[-71.2362,-34.4547],[-71.2354,-34.4524],[-71.2356,-34.4501],[-71.2366,-34.4467],[-71.2362,-34.4455],[-71.2364,-34.4421],[-71.2361,-34.4404],[-71.2285,-34.434],[-71.2254,-34.4335],[-71.2222,-34.4342],[-71.2184,-34.4332],[-71.2159,-34.4336],[-71.2144,-34.4344],[-71.2089,-34.4388],[-71.2039,-34.4448],[-71.1994,-34.4457],[-71.1966,-34.4447],[-71.1953,-34.4437],[-71.1933,-34.4409],[-71.1947,-34.4359],[-71.1944,-34.4336],[-71.193,-34.4305],[-71.1906,-34.4289],[-71.1883,-34.4252],[-71.1856,-34.4229],[-71.1842,-34.4192],[-71.1819,-34.4164],[-71.1815,-34.4152],[-71.1826,-34.413],[-71.1819,-34.4116],[-71.181,-34.4131],[-71.178,-34.4129],[-71.1755,-34.4132],[-71.1737,-34.4151],[-71.1714,-34.4144],[-71.1687,-34.4156],[-71.1654,-34.4155],[-71.1613,-34.4178],[-71.1549,-34.4182],[-71.1472,-34.4202],[-71.1458,-34.4194],[-71.1428,-34.4168],[-71.1409,-34.4157],[-71.1392,-34.4158],[-71.1363,-34.4139],[-71.1351,-34.4126],[-71.1327,-34.4113],[-71.1318,-34.4106],[-71.132,-34.409],[-71.1313,-34.4071],[-71.1318,-34.4026],[-71.1335,-34.4006],[-71.1328,-34.3991],[-71.1353,-34.3959],[-71.1371,-34.3944],[-71.1399,-34.3931],[-71.1403,-34.3922],[-71.1406,-34.3869],[-71.1429,-34.3847],[-71.1452,-34.3837],[-71.1474,-34.3816],[-71.1472,-34.3788],[-71.1486,-34.3758],[-71.1523,-34.3702],[-71.1501,-34.3661],[-71.1488,-34.3647],[-71.1484,-34.3631],[-71.1487,-34.3613],[-71.1482,-34.3596],[-71.1449,-34.3563],[-71.1447,-34.3534],[-71.143,-34.3511],[-71.1386,-34.3487],[-71.1377,-34.3476],[-71.1368,-34.3451],[-71.135,-34.3442],[-71.1318,-34.3384],[-71.132,-34.3368],[-71.1309,-34.3353],[-71.1274,-34.3334],[-71.1238,-34.3309],[-71.1226,-34.3287],[-71.123,-34.3265],[-71.1215,-34.3241],[-71.1203,-34.3235],[-71.1177,-34.3212],[-71.1154,-34.3186],[-71.1135,-34.3172],[-71.1087,-34.3166],[-71.104,-34.3155],[-71.1004,-34.315],[-71.098,-34.3138],[-71.0958,-34.3137],[-71.0934,-34.3125],[-71.0903,-34.3121],[-71.0885,-34.3129]]]},"properties":{"Comuna":"San Vicente","Provincia":"Cachapoal","cod_comuna":6117}},{"type":"Feature","geometry":{"type":"Polygon","coordinates":[[[-71.1587,-34.5911],[-71.1581,-34.5943],[-71.156,-34.5968],[-71.1564,-34.6014],[-71.1553,-34.6039],[-71.156,-34.6056],[-71.1554,-34.6097],[-71.1542,-34.6111],[-71.1539,-34.6126],[-71.1548,-34.6154],[-71.1542,-34.6183],[-71.1531,-34.6208],[-71.1522,-34.6253],[-71.1479,-34.6347],[-71.1455,-34.6343],[-71.1438,-34.6423],[-71.1413,-34.648],[-71.1404,-34.6495],[-71.1406,-34.6525],[-71.1397,-34.6544],[-71.1397,-34.6564],[-71.1414,-34.6583],[-71.1426,-34.6588],[-71.1413,-34.6603],[-71.1385,-34.6615],[-71.1373,-34.6654],[-71.1379,-34.6695],[-71.1398,-34.6713],[-71.141,-34.6759],[-71.1382,-34.6772],[-71.1337,-34.6775],[-71.1311,-34.6792],[-71.1302,-34.6807],[-71.1267,-34.6815],[-71.1259,-34.6823],[-71.1254,-34.6845],[-71.1256,-34.686],[-71.1241,-34.6875],[-71.1202,-34.6891],[-71.119,-34.6915],[-71.1122,-34.6945],[-71.1131,-34.6972],[-71.1128,-34.7014],[-71.1118,-34.7039],[-71.1087,-34.7076],[-71.1081,-34.7099],[-71.1085,-34.7115],[-71.11,-34.7133],[-71.113,-34.7148],[-71.1175,-34.7159],[-71.1194,-34.7166],[-71.1212,-34.7197],[-71.122,-34.7239],[-71.1225,-34.7244],[-71.1275,-34.7258],[-71.1289,-34.7278],[-71.1326,-34.7346],[-71.1328,-34.7361],[-71.1505,-34.7429],[-71.1491,-34.7453],[-71.1546,-34.7455],[-71.153,-34.7499],[-71.1533,-34.7522],[-71.1547,-34.7555],[-71.1561,-34.7551],[-71.185,-34.7546],[-71.1858,-34.7528],[-71.1853,-34.7513],[-71.186,-34.7504],[-71.1855,-34.749],[-71.1825,-34.7482],[-71.1786,-34.7461],[-71.1772,-34.7444],[-71.1772,-34.7433],[-71.1798,-34.7426],[-71.1785,-34.7415],[-71.1775,-34.739],[-71.1781,-34.7372],[-71.1767,-34.7341],[-71.1742,-34.7319],[-71.1748,-34.7297],[-71.1774,-34.73],[-71.178,-34.7295],[-71.1768,-34.7256],[-71.1772,-34.725],[-71.1803,-34.7242],[-71.1825,-34.7187],[-71.1848,-34.7176],[-71.1858,-34.7156],[-71.1889,-34.7158],[-71.1982,-34.7128],[-71.2034,-34.708],[-71.2039,-34.707],[-71.2092,-34.7019],[-71.2095,-34.7009],[-71.2118,-34.7007],[-71.2134,-34.702],[-71.2152,-34.702],[-71.2159,-34.7004],[-71.2179,-34.6995],[-71.2192,-34.6977],[-71.2235,-34.6956],[-71.2255,-34.6939],[-71.2266,-34.6922],[-71.2285,-34.6907],[-71.2315,-34.6915],[-71.2328,-34.6913],[-71.2338,-34.6898],[-71.2367,-34.6887],[-71.2411,-34.6885],[-71.2424,-34.6864],[-71.2438,-34.6854],[-71.2473,-34.6858],[-71.2488,-34.6847],[-71.2472,-34.6839],[-71.2463,-34.6826],[-71.2502,-34.6803],[-71.2519,-34.6788],[-71.2543,-34.6779],[-71.2574,-34.6781],[-71.2571,-34.6772],[-71.2588,-34.6765],[-71.2619,-34.6764],[-71.2649,-34.6755],[-71.2661,-34.676],[-71.2669,-34.6782],[-71.2679,-34.6789],[-71.2693,-34.6779],[-71.2694,-34.6762],[-71.2707,-34.6751],[-71.2737,-34.6749],[-71.2754,-34.6744],[-71.2731,-34.6728],[-71.2719,-34.6711],[-71.2746,-34.6712],[-71.2751,-34.6712],[-71.2754,-34.671],[-71.2768,-34.6701],[-71.2794,-34.6699],[-71.2826,-34.6683],[-71.2854,-34.6674],[-71.2863,-34.6646],[-71.2859,-34.6635],[-71.2873,-34.6612],[-71.2895,-34.6599],[-71.293,-34.6596],[-71.2966,-34.658],[-71.2995,-34.6589],[-71.3022,-34.658],[-71.3048,-34.6587],[-71.3088,-34.6611],[-71.3132,-34.6611],[-71.317,-34.6601],[-71.3175,-34.659],[-71.3174,-34.6555],[-71.3015,-34.6466],[-71.305,-34.6446],[-71.2981,-34.6379],[-71.2875,-34.6284],[-71.2853,-34.6294],[-71.2842,-34.6328],[-71.2823,-34.6345],[-71.2796,-34.6353],[-71.2773,-34.6354],[-71.2732,-34.6367],[-71.2709,-34.638],[-71.2692,-34.6368],[-71.2673,-34.6367],[-71.266,-34.6378],[-71.2637,-34.6378],[-71.2611,-34.6394],[-71.2593,-34.6397],[-71.2566,-34.6384],[-71.2552,-34.6388],[-71.2516,-34.6423],[-71.2498,-34.643],[-71.2475,-34.643],[-71.2465,-34.6438],[-71.2445,-34.6473],[-71.2433,-34.6456],[-71.2383,-34.6446],[-71.236,-34.6395],[-71.2341,-34.6369],[-71.2317,-34.6355],[-71.2303,-34.6354],[-71.2272,-34.6343],[-71.2269,-34.6331],[-71.2237,-34.6307],[-71.2212,-34.6307],[-71.2108,-34.627],[-71.2055,-34.6221],[-71.2049,-34.6191],[-71.2071,-34.6174],[-71.2081,-34.6142],[-71.2109,-34.6114],[-71.211,-34.6102],[-71.2131,-34.6088],[-71.2122,-34.6056],[-71.2124,-34.6039],[-71.2161,-34.6006],[-71.2154,-34.5985],[-71.2161,-34.5955],[-71.2157,-34.5945],[-71.2103,-34.5931],[-71.2079,-34.5923],[-71.206,-34.5906],[-71.204,-34.5904],[-71.2001,-34.589],[-71.1954,-34.5882],[-71.1926,-34.5889],[-71.1859,-34.5894],[-71.1805,-34.5877],[-71.1784,-34.5861],[-71.1758,-34.5862],[-71.172,-34.5857],[-71.1677,-34.5861],[-71.1655,-34.5868],[-71.1616,-34.5896],[-71.1587,-34.5911]]]},"properties":{"Comuna":"Nancagua","Provincia":"Colchagua","cod_comuna":6305}},{"type":"Feature","geometry":{"type":"Polygon","coordinates":[[[-71.3917,-34.4279],[-71.3924,-34.4305],[-71.392,-34.4325],[-71.3899,-34.4361],[-71.3879,-34.4378],[-71.3863,-34.4405],[-71.3856,-34.4407],[-71.3827,-34.444],[-71.3821,-34.4465],[-71.3781,-34.4523],[-71.3778,-34.4554],[-71.3782,-34.4571],[-71.3758,-34.4599],[-71.3757,-34.4632],[-71.3781,-34.4666],[-71.3778,-34.4686],[-71.3757,-34.4716],[-71.3754,-34.4736],[-71.3738,-34.4762],[-71.3735,-34.4775],[-71.3742,-34.4802],[-71.3743,-34.4838],[-71.3857,-34.4842],[-71.4095,-34.4847],[-71.4145,-34.4852],[-71.4149,-34.4861],[-71.413,-34.4886],[-71.4123,-34.4926],[-71.4113,-34.4948],[-71.4132,-34.4964],[-71.4112,-34.5009],[-71.4124,-34.5024],[-71.4118,-34.5043],[-71.4171,-34.506],[-71.4155,-34.5075],[-71.4338,-34.5114],[-71.4379,-34.5121],[-71.4501,-34.5131],[-71.4488,-34.5163],[-71.4522,-34.5152],[-71.4547,-34.5134],[-71.4719,-34.5148],[-71.4711,-34.5182],[-71.4673,-34.5225],[-71.4651,-34.5233],[-71.4626,-34.5252],[-71.4619,-34.5263],[-71.4711,-34.531],[-71.4752,-34.5324],[-71.4823,-34.5334],[-71.4847,-34.5322],[-71.4862,-34.5302],[-71.4875,-34.5293],[-71.491,-34.5279],[-71.4936,-34.5304],[-71.4996,-34.5316],[-71.5028,-34.5314],[-71.504,-34.5332],[-71.5074,-34.5341],[-71.5128,-34.5386],[-71.517,-34.5392],[-71.5175,-34.5424],[-71.5177,-34.5458],[-71.5185,-34.5477],[-71.5208,-34.5511],[-71.5232,-34.5567],[-71.5249,-34.5576],[-71.5289,-34.5576],[-71.5295,-34.559],[-71.531,-34.5603],[-71.5315,-34.5617],[-71.5377,-34.5636],[-71.5395,-34.5645],[-71.5397,-34.5664],[-71.5417,-34.5672],[-71.5432,-34.5663],[-71.548,-34.5653],[-71.5505,-34.5629],[-71.5522,-34.562],[-71.555,-34.5594],[-71.5582,-34.5589],[-71.5609,-34.5589],[-71.5622,-34.5581],[-71.5647,-34.5553],[-71.5657,-34.5534],[-71.5688,-34.5489],[-71.5716,-34.5482],[-71.5739,-34.5466],[-71.5754,-34.5437],[-71.5783,-34.5408],[-71.5819,-34.5388],[-71.5843,-34.5364],[-71.5867,-34.5352],[-71.5892,-34.5346],[-71.5937,-34.5329],[-71.5965,-34.53],[-71.5931,-34.5277],[-71.5931,-34.5245],[-71.5925,-34.5232],[-71.5927,-34.5184],[-71.5939,-34.5176],[-71.5966,-34.5179],[-71.6009,-34.5188],[-71.6018,-34.5173],[-71.603,-34.517],[-71.6066,-34.5192],[-71.6117,-34.5208],[-71.6125,-34.5222],[-71.6149,-34.5239],[-71.6211,-34.5243],[-71.6229,-34.5247],[-71.6247,-34.5237],[-71.6297,-34.5217],[-71.6305,-34.5191],[-71.6338,-34.5173],[-71.6375,-34.5138],[-71.64,-34.5137],[-71.6422,-34.5117],[-71.6422,-34.5089],[-71.6413,-34.5071],[-71.6412,-34.5048],[-71.6393,-34.5021],[-71.638,-34.4994],[-71.6355,-34.5008],[-71.6331,-34.4995],[-71.631,-34.4994],[-71.6279,-34.4974],[-71.622,-34.4958],[-71.6201,-34.4956],[-71.6162,-34.4966],[-71.611,-34.4949],[-71.6071,-34.4953],[-71.6045,-34.494],[-71.6036,-34.4926],[-71.6017,-34.4926],[-71.5948,-34.489],[-71.593,-34.4867],[-71.5924,-34.4853],[-71.5885,-34.4827],[-71.5871,-34.4804],[-71.5875,-34.4747],[-71.5849,-34.4723],[-71.5843,-34.4685],[-71.585,-34.4669],[-71.587,-34.4652],[-71.5867,-34.4634],[-71.5887,-34.458],[-71.5881,-34.4558],[-71.5887,-34.4521],[-71.5877,-34.4496],[-71.5894,-34.447],[-71.5914,-34.4462],[-71.59,-34.4452],[-71.5891,-34.4436],[-71.5863,-34.4403],[-71.5869,-34.437],[-71.5887,-34.4353],[-71.5886,-34.4316],[-71.5867,-34.4294],[-71.5845,-34.4284],[-71.5827,-34.4262],[-71.58,-34.4219],[-71.5779,-34.4159],[-71.5768,-34.4136],[-71.5746,-34.4151],[-71.573,-34.415],[-71.5708,-34.414],[-71.5695,-34.4126],[-71.5662,-34.4124],[-71.5642,-34.4127],[-71.5644,-34.4152],[-71.5624,-34.417],[-71.5604,-34.4176],[-71.5569,-34.4162],[-71.5557,-34.4148],[-71.552,-34.4153],[-71.5492,-34.4179],[-71.5479,-34.4183],[-71.5452,-34.4178],[-71.5404,-34.4186],[-71.5365,-34.4213],[-71.5319,-34.4212],[-71.5278,-34.4264],[-71.5248,-34.4271],[-71.5194,-34.431],[-71.5177,-34.4308],[-71.5172,-34.4292],[-71.5179,-34.4279],[-71.517,-34.4238],[-71.5164,-34.4231],[-71.5121,-34.4233],[-71.507,-34.4253],[-71.5048,-34.4253],[-71.5028,-34.4221],[-71.5023,-34.4193],[-71.5001,-34.4178],[-71.496,-34.4183],[-71.4928,-34.4169],[-71.4927,-34.4154],[-71.4957,-34.412],[-71.4962,-34.4106],[-71.4961,-34.4075],[-71.4927,-34.4023],[-71.4935,-34.4003],[-71.4965,-34.3987],[-71.4982,-34.397],[-71.4981,-34.3955],[-71.4989,-34.3943],[-71.4988,-34.3921],[-71.4962,-34.3873],[-71.4959,-34.3853],[-71.4947,-34.3834],[-71.4916,-34.3812],[-71.4899,-34.3768],[-71.4892,-34.3758],[-71.4856,-34.3741],[-71.4828,-34.3733],[-71.4823,-34.3726],[-71.4784,-34.3708],[-71.4766,-34.3683],[-71.4719,-34.3656],[-71.4701,-34.3657],[-71.4675,-34.3652],[-71.4642,-34.3653],[-71.461,-34.3661],[-71.4597,-34.3655],[-71.4586,-34.3621],[-71.4456,-34.3608],[-71.4347,-34.3594],[-71.4315,-34.3604],[-71.4285,-34.361],[-71.4253,-34.3607],[-71.4261,-34.3631],[-71.4273,-34.3648],[-71.429,-34.3736],[-71.4274,-34.374],[-71.4268,-34.3759],[-71.4273,-34.3784],[-71.4253,-34.3808],[-71.4266,-34.3836],[-71.4253,-34.3853],[-71.4229,-34.3858],[-71.4213,-34.3852],[-71.4194,-34.3857],[-71.4181,-34.3868],[-71.4169,-34.3903],[-71.417,-34.3931],[-71.4166,-34.3974],[-71.4168,-34.4002],[-71.4161,-34.4024],[-71.4141,-34.4033],[-71.4103,-34.4025],[-71.4095,-34.4007],[-71.4072,-34.4002],[-71.4046,-34.4009],[-71.4019,-34.403],[-71.4022,-34.404],[-71.4046,-34.4062],[-71.4064,-34.4085],[-71.4069,-34.4102],[-71.4061,-34.4114],[-71.4023,-34.4129],[-71.4021,-34.4143],[-71.4025,-34.4186],[-71.4032,-34.4212],[-71.4033,-34.424],[-71.4024,-34.4246],[-71.3972,-34.4244],[-71.3939,-34.4255],[-71.3921,-34.4267],[-71.3917,-34.4279]]]},"properties":{"Comuna":"Peralillo","Provincia":"Colchagua","cod_comuna":6307}},{"type":"Feature","geometry":{"type":"Polygon","coordinates":[[[-71.0077,-34.6073],[-71.0089,-34.6087],[-71.0117,-34.6107],[-71.0106,-34.6146],[-71.0119,-34.617],[-71.0155,-34.6184],[-71.0143,-34.6211],[-71.0141,-34.6253],[-71.0113,-34.6273],[-71.0112,-34.6298],[-71.0102,-34.6315],[-71.0098,-34.6354],[-71.0103,-34.6374],[-71.0145,-34.6404],[-71.0166,-34.6428],[-71.0235,-34.6471],[-71.0253,-34.6487],[-71.0312,-34.6521],[-71.0359,-34.6539],[-71.0385,-34.6546],[-71.0409,-34.6573],[-71.041,-34.6587],[-71.0419,-34.6598],[-71.0443,-34.6606],[-71.0474,-34.6623],[-71.048,-34.6635],[-71.0504,-34.6647],[-71.0519,-34.6674],[-71.0558,-34.6705],[-71.0584,-34.673],[-71.0617,-34.674],[-71.0623,-34.6747],[-71.0615,-34.6781],[-71.0672,-34.678],[-71.0758,-34.6768],[-71.0791,-34.677],[-71.082,-34.6762],[-71.0843,-34.6796],[-71.0876,-34.6806],[-71.0893,-34.6817],[-71.0927,-34.6847],[-71.0958,-34.6859],[-71.1002,-34.6869],[-71.1007,-34.6894],[-71.105,-34.6922],[-71.1073,-34.694],[-71.1094,-34.6949],[-71.1122,-34.6945],[-71.119,-34.6915],[-71.1202,-34.6891],[-71.1241,-34.6875],[-71.1256,-34.686],[-71.1254,-34.6845],[-71.1259,-34.6823],[-71.1267,-34.6815],[-71.1302,-34.6807],[-71.1311,-34.6792],[-71.1337,-34.6775],[-71.1382,-34.6772],[-71.141,-34.6759],[-71.1398,-34.6713],[-71.1379,-34.6695],[-71.1373,-34.6654],[-71.1385,-34.6615],[-71.1413,-34.6603],[-71.1426,-34.6588],[-71.1414,-34.6583],[-71.1397,-34.6564],[-71.1397,-34.6544],[-71.1406,-34.6525],[-71.1404,-34.6495],[-71.1413,-34.648],[-71.1438,-34.6423],[-71.1455,-34.6343],[-71.1479,-34.6347],[-71.1522,-34.6253],[-71.1531,-34.6208],[-71.1542,-34.6183],[-71.1548,-34.6154],[-71.1539,-34.6126],[-71.1542,-34.6111],[-71.1554,-34.6097],[-71.156,-34.6056],[-71.1553,-34.6039],[-71.1564,-34.6014],[-71.156,-34.5968],[-71.1581,-34.5943],[-71.1587,-34.5911],[-71.1573,-34.5902],[-71.1547,-34.5874],[-71.1546,-34.5852],[-71.1526,-34.5841],[-71.149,-34.5836],[-71.1472,-34.5823],[-71.1422,-34.5825],[-71.1371,-34.581],[-71.133,-34.5811],[-71.1326,-34.5781],[-71.1315,-34.5775],[-71.1293,-34.5749],[-71.129,-34.5734],[-71.1272,-34.5703],[-71.1257,-34.5685],[-71.123,-34.5676],[-71.1187,-34.5684],[-71.1168,-34.5683],[-71.1153,-34.5669],[-71.1124,-34.5665],[-71.1087,-34.5629],[-71.1067,-34.5596],[-71.1037,-34.5597],[-71.1024,-34.5607],[-71.0977,-34.5612],[-71.0932,-34.5577],[-71.0897,-34.557],[-71.0839,-34.5553],[-71.0799,-34.5525],[-71.0769,-34.5534],[-71.0733,-34.553],[-71.0709,-34.5521],[-71.0644,-34.5514],[-71.0618,-34.5504],[-71.0591,-34.5487],[-71.055,-34.5474],[-71.0519,-34.547],[-71.0476,-34.5476],[-71.0445,-34.5477],[-71.0419,-34.5483],[-71.0378,-34.5474],[-71.0335,-34.5454],[-71.0291,-34.5422],[-71.0307,-34.5454],[-71.0311,-34.548],[-71.0328,-34.5509],[-71.0328,-34.5529],[-71.0348,-34.5552],[-71.0356,-34.5567],[-71.0354,-34.5601],[-71.0344,-34.5622],[-71.0395,-34.5649],[-71.0409,-34.5664],[-71.0428,-34.5697],[-71.0427,-34.5716],[-71.0434,-34.5732],[-71.0425,-34.5752],[-71.0439,-34.5761],[-71.0452,-34.5797],[-71.047,-34.5823],[-71.0473,-34.5853],[-71.0464,-34.5875],[-71.0463,-34.5914],[-71.0429,-34.5925],[-71.0378,-34.596],[-71.0326,-34.5975],[-71.0285,-34.5972],[-71.0265,-34.5982],[-71.0197,-34.5994],[-71.0174,-34.6006],[-71.0138,-34.604],[-71.0105,-34.6055],[-71.0077,-34.6073]]]},"properties":{"Comuna":"Placilla","Provincia":"Colchagua","cod_comuna":6308}},{"type":"Feature","geometry":{"type":"Polygon","coordinates":[[[-71.638,-34.4994],[-71.6393,-34.5021],[-71.6412,-34.5048],[-71.6413,-34.5071],[-71.6422,-34.5089],[-71.6422,-34.5117],[-71.64,-34.5137],[-71.6375,-34.5138],[-71.6338,-34.5173],[-71.6305,-34.5191],[-71.6297,-34.5217],[-71.6247,-34.5237],[-71.6229,-34.5247],[-71.6211,-34.5243],[-71.6149,-34.5239],[-71.6125,-34.5222],[-71.6117,-34.5208],[-71.6066,-34.5192],[-71.603,-34.517],[-71.6018,-34.5173],[-71.6009,-34.5188],[-71.5966,-34.5179],[-71.5939,-34.5176],[-71.5927,-34.5184],[-71.5925,-34.5232],[-71.5931,-34.5245],[-71.5931,-34.5277],[-71.5965,-34.53],[-71.5937,-34.5329],[-71.5892,-34.5346],[-71.5867,-34.5352],[-71.5843,-34.5364],[-71.5819,-34.5388],[-71.5783,-34.5408],[-71.5754,-34.5437],[-71.5739,-34.5466],[-71.5716,-34.5482],[-71.5688,-34.5489],[-71.5657,-34.5534],[-71.5647,-34.5553],[-71.5622,-34.5581],[-71.5609,-34.5589],[-71.5582,-34.5589],[-71.555,-34.5594],[-71.5522,-34.562],[-71.5505,-34.5629],[-71.548,-34.5653],[-71.5432,-34.5663],[-71.5417,-34.5672],[-71.5397,-34.5664],[-71.5395,-34.5645],[-71.5377,-34.5636],[-71.5315,-34.5617],[-71.5319,-34.5628],[-71.5336,-34.5642],[-71.5353,-34.5696],[-71.5353,-34.5714],[-71.5371,-34.5756],[-71.5377,-34.5783],[-71.5375,-34.58],[-71.5405,-34.5828],[-71.5416,-34.5888],[-71.5432,-34.5933],[-71.5415,-34.5954],[-71.542,-34.5967],[-71.5434,-34.5974],[-71.544,-34.6002],[-71.5467,-34.6032],[-71.5456,-34.606],[-71.5447,-34.6067],[-71.5442,-34.6094],[-71.5444,-34.6131],[-71.5436,-34.6176],[-71.5427,-34.6195],[-71.542,-34.6227],[-71.5424,-34.6254],[-71.5425,-34.6315],[-71.5445,-34.6333],[-71.5448,-34.6344],[-71.5442,-34.6372],[-71.547,-34.6364],[-71.5502,-34.6346],[-71.5507,-34.6326],[-71.553,-34.6327],[-71.5564,-34.6364],[-71.5576,-34.637],[-71.5593,-34.6362],[-71.5621,-34.6378],[-71.566,-34.6392],[-71.5667,-34.6412],[-71.5701,-34.6446],[-71.5715,-34.6456],[-71.5715,-34.6473],[-71.574,-34.649],[-71.5761,-34.6515],[-71.5814,-34.6535],[-71.5856,-34.653],[-71.5867,-34.6526],[-71.59,-34.6528],[-71.5931,-34.6544],[-71.5937,-34.6569],[-71.595,-34.659],[-71.5948,-34.661],[-71.5955,-34.6624],[-71.5982,-34.6651],[-71.5982,-34.6676],[-71.5969,-34.6712],[-71.5978,-34.6757],[-71.6021,-34.6778],[-71.6041,-34.679],[-71.6064,-34.6788],[-71.6097,-34.6756],[-71.6117,-34.6757],[-71.612,-34.6771],[-71.6174,-34.677],[-71.6197,-34.6763],[-71.624,-34.6737],[-71.6269,-34.6725],[-71.6285,-34.6724],[-71.6298,-34.6711],[-71.6322,-34.671],[-71.6347,-34.6727],[-71.6388,-34.6731],[-71.6403,-34.6737],[-71.6404,-34.6754],[-71.6413,-34.6773],[-71.6441,-34.679],[-71.6498,-34.6784],[-71.6522,-34.6775],[-71.6554,-34.6774],[-71.6574,-34.6761],[-71.6598,-34.6753],[-71.6643,-34.6745],[-71.6686,-34.6748],[-71.6715,-34.6721],[-71.674,-34.6709],[-71.6765,-34.6709],[-71.6827,-34.6716],[-71.6859,-34.6713],[-71.6875,-34.6733],[-71.6874,-34.6747],[-71.6893,-34.6765],[-71.6924,-34.6776],[-71.6936,-34.6791],[-71.6936,-34.6842],[-71.6947,-34.6853],[-71.6978,-34.691],[-71.7,-34.6924],[-71.7001,-34.6944],[-71.7015,-34.6957],[-71.7059,-34.6952],[-71.7097,-34.6967],[-71.7125,-34.6969],[-71.7146,-34.6965],[-71.7174,-34.6967],[-71.7202,-34.6964],[-71.7242,-34.6974],[-71.7268,-34.6965],[-71.7303,-34.6942],[-71.7317,-34.6945],[-71.7323,-34.696],[-71.7351,-34.6978],[-71.7401,-34.6942],[-71.7422,-34.6936],[-71.7491,-34.6931],[-71.753,-34.6945],[-71.7587,-34.6936],[-71.7571,-34.6955],[-71.759,-34.6962],[-71.7662,-34.6941],[-71.7776,-34.6925],[-71.7802,-34.6903],[-71.7843,-34.6883],[-71.7883,-34.6831],[-71.792,-34.6796],[-71.7917,-34.6744],[-71.7922,-34.6727],[-71.7961,-34.6709],[-71.7974,-34.6696],[-71.7995,-34.669],[-71.8004,-34.6675],[-71.8008,-34.6651],[-71.8016,-34.6643],[-71.8034,-34.6644],[-71.8055,-34.6582],[-71.8069,-34.6579],[-71.8076,-34.6564],[-71.8089,-34.6559],[-71.8082,-34.6531],[-71.8092,-34.6501],[-71.8091,-34.6475],[-71.8107,-34.6441],[-71.813,-34.6416],[-71.8136,-34.638],[-71.8148,-34.6377],[-71.8146,-34.6354],[-71.8166,-34.6336],[-71.8168,-34.6327],[-71.8196,-34.6324],[-71.8206,-34.6308],[-71.8238,-34.6282],[-71.8239,-34.6254],[-71.8225,-34.6237],[-71.8217,-34.6209],[-71.8202,-34.6202],[-71.8163,-34.6198],[-71.8142,-34.6174],[-71.8168,-34.6127],[-71.8185,-34.611],[-71.8183,-34.6091],[-71.8194,-34.6076],[-71.8192,-34.6023],[-71.8202,-34.6017],[-71.8224,-34.5984],[-71.8213,-34.5974],[-71.8204,-34.5949],[-71.8208,-34.5915],[-71.8217,-34.5906],[-71.8208,-34.5866],[-71.8217,-34.585],[-71.8233,-34.5841],[-71.8248,-34.581],[-71.8254,-34.5772],[-71.8311,-34.5736],[-71.8316,-34.5697],[-71.8334,-34.5686],[-71.8341,-34.5666],[-71.8325,-34.5656],[-71.8329,-34.5646],[-71.836,-34.5641],[-71.8354,-34.5623],[-71.8357,-34.5604],[-71.839,-34.5594],[-71.84,-34.5572],[-71.8405,-34.5536],[-71.8426,-34.5512],[-71.8454,-34.5489],[-71.8466,-34.5463],[-71.8467,-34.5443],[-71.8493,-34.5436],[-71.8486,-34.5422],[-71.8492,-34.541],[-71.8471,-34.5352],[-71.8466,-34.5323],[-71.8482,-34.5316],[-71.8494,-34.53],[-71.8536,-34.5263],[-71.8559,-34.5213],[-71.858,-34.5185],[-71.8582,-34.517],[-71.8599,-34.5152],[-71.8595,-34.5134],[-71.857,-34.5102],[-71.8545,-34.5087],[-71.8526,-34.5115],[-71.8502,-34.5134],[-71.8491,-34.5152],[-71.8492,-34.5161],[-71.8481,-34.5183],[-71.8429,-34.5213],[-71.8407,-34.5223],[-71.8395,-34.5235],[-71.8368,-34.5229],[-71.8353,-34.5239],[-71.8333,-34.5239],[-71.8304,-34.5253],[-71.8291,-34.5274],[-71.8296,-34.529],[-71.8327,-34.5326],[-71.8333,-34.5345],[-71.8324,-34.5358],[-71.8286,-34.5361],[-71.8202,-34.5342],[-71.8159,-34.5345],[-71.8129,-34.5336],[-71.8088,-34.5346],[-71.806,-34.5344],[-71.8028,-34.5356],[-71.7999,-34.536],[-71.795,-34.536],[-71.7935,-34.5357],[-71.7891,-34.5341],[-71.7869,-34.5349],[-71.783,-34.5382],[-71.782,-34.5395],[-71.7789,-34.5417],[-71.777,-34.5425],[-71.7722,-34.5452],[-71.7708,-34.5455],[-71.7667,-34.5444],[-71.7635,-34.5433],[-71.7618,-34.5419],[-71.7602,-34.5416],[-71.7587,-34.5404],[-71.7572,-34.5409],[-71.757,-34.5425],[-71.7554,-34.5427],[-71.7547,-34.54],[-71.7529,-34.5394],[-71.7525,-34.538],[-71.7504,-34.5367],[-71.7501,-34.5346],[-71.7485,-34.5323],[-71.7483,-34.5295],[-71.7466,-34.5275],[-71.7426,-34.5277],[-71.741,-34.527],[-71.7389,-34.5272],[-71.7364,-34.5266],[-71.7352,-34.524],[-71.7367,-34.5201],[-71.7374,-34.5143],[-71.7371,-34.5122],[-71.7362,-34.5113],[-71.7356,-34.5094],[-71.734,-34.5088],[-71.7321,-34.509],[-71.7309,-34.5081],[-71.7299,-34.5061],[-71.7283,-34.5048],[-71.7249,-34.504],[-71.7233,-34.5026],[-71.717,-34.4997],[-71.7142,-34.4996],[-71.7102,-34.4974],[-71.7109,-34.4938],[-71.7058,-34.4935],[-71.7034,-34.4897],[-71.6988,-34.4886],[-71.6953,-34.4874],[-71.6936,-34.4862],[-71.6897,-34.4853],[-71.6868,-34.4895],[-71.6847,-34.4896],[-71.6807,-34.4916],[-71.6748,-34.4915],[-71.67,-34.4919],[-71.6671,-34.4932],[-71.6646,-34.4935],[-71.6623,-34.495],[-71.6571,-34.4956],[-71.6558,-34.4963],[-71.6492,-34.4971],[-71.6462,-34.4983],[-71.6437,-34.4985],[-71.641,-34.4998],[-71.638,-34.4994]]]},"properties":{"Comuna":"Pumanque","Provincia":"Colchagua","cod_comuna":6309}},{"type":"Feature","geometry":{"type":"Polygon","coordinates":[[[-72.0512,-34.548],[-72.048,-34.548],[-72.0434,-34.5479],[-72.0406,-34.5477],[-72.039,-34.5426],[-72.0379,-34.5416],[-72.0343,-34.5426],[-72.0303,-34.5423],[-72.0284,-34.5432],[-72.0273,-34.5449],[-72.0239,-34.5465],[-72.0228,-34.5495],[-72.022,-34.55],[-72.0187,-34.5497],[-72.0149,-34.5488],[-72.0129,-34.5487],[-72.0085,-34.5495],[-72.0009,-34.5522],[-71.9972,-34.5528],[-71.9942,-34.5526],[-71.9925,-34.5494],[-71.9925,-34.5467],[-71.9833,-34.5415],[-71.9793,-34.55],[-71.9752,-34.5467],[-71.9721,-34.5467],[-71.9703,-34.5491],[-71.9696,-34.5516],[-71.97,-34.5536],[-71.967,-34.5567],[-71.964,-34.558],[-71.9613,-34.5596],[-71.96,-34.5589],[-71.9561,-34.5579],[-71.953,-34.5589],[-71.9498,-34.5587],[-71.9446,-34.5573],[-71.9432,-34.5594],[-71.9404,-34.5594],[-71.9369,-34.5616],[-71.9344,-34.5615],[-71.9332,-34.5625],[-71.9335,-34.567],[-71.9324,-34.5684],[-71.9292,-34.5699],[-71.9275,-34.5714],[-71.9247,-34.5729],[-71.923,-34.5734],[-71.9214,-34.575],[-71.9201,-34.5744],[-71.919,-34.5722],[-71.9193,-34.5674],[-71.9182,-34.5596],[-71.9187,-34.5587],[-71.9166,-34.5555],[-71.9157,-34.5536],[-71.9133,-34.552],[-71.9134,-34.5497],[-71.9145,-34.5477],[-71.913,-34.5462],[-71.9134,-34.5452],[-71.9156,-34.5435],[-71.9148,-34.5416],[-71.9126,-34.5415],[-71.913,-34.5386],[-71.9108,-34.5367],[-71.908,-34.5357],[-71.9061,-34.5336],[-71.9058,-34.5292],[-71.904,-34.5298],[-71.9027,-34.5284],[-71.9026,-34.5244],[-71.9012,-34.5231],[-71.897,-34.5226],[-71.8955,-34.5209],[-71.8921,-34.5216],[-71.8902,-34.5212],[-71.8867,-34.524],[-71.8859,-34.5258],[-71.8879,-34.5289],[-71.8866,-34.531],[-71.8833,-34.5326],[-71.8817,-34.5339],[-71.8811,-34.5355],[-71.8797,-34.5356],[-71.8754,-34.534],[-71.8736,-34.5323],[-71.8734,-34.5296],[-71.8721,-34.5288],[-71.8707,-34.5264],[-71.8685,-34.5245],[-71.8671,-34.5245],[-71.8648,-34.5234],[-71.8639,-34.5216],[-71.865,-34.52],[-71.8696,-34.5176],[-71.8708,-34.5161],[-71.8726,-34.5148],[-71.8737,-34.5129],[-71.8733,-34.512],[-71.8701,-34.5109],[-71.8673,-34.5107],[-71.866,-34.5095],[-71.8626,-34.5087],[-71.8602,-34.509],[-71.8582,-34.5079],[-71.8557,-34.5078],[-71.8545,-34.5087],[-71.857,-34.5102],[-71.8595,-34.5134],[-71.8599,-34.5152],[-71.8582,-34.517],[-71.858,-34.5185],[-71.8559,-34.5213],[-71.8536,-34.5263],[-71.8494,-34.53],[-71.8482,-34.5316],[-71.8466,-34.5323],[-71.8471,-34.5352],[-71.8492,-34.541],[-71.8486,-34.5422],[-71.8493,-34.5436],[-71.8467,-34.5443],[-71.8466,-34.5463],[-71.8454,-34.5489],[-71.8426,-34.5512],[-71.8405,-34.5536],[-71.84,-34.5572],[-71.839,-34.5594],[-71.8357,-34.5604],[-71.8354,-34.5623],[-71.836,-34.5641],[-71.8329,-34.5646],[-71.8325,-34.5656],[-71.8341,-34.5666],[-71.8334,-34.5686],[-71.8316,-34.5697],[-71.8311,-34.5736],[-71.8254,-34.5772],[-71.8248,-34.581],[-71.8233,-34.5841],[-71.8217,-34.585],[-71.8208,-34.5866],[-71.8217,-34.5906],[-71.8208,-34.5915],[-71.8204,-34.5949],[-71.8213,-34.5974],[-71.8224,-34.5984],[-71.8202,-34.6017],[-71.8192,-34.6023],[-71.8194,-34.6076],[-71.8183,-34.6091],[-71.8185,-34.611],[-71.8168,-34.6127],[-71.8142,-34.6174],[-71.8163,-34.6198],[-71.8202,-34.6202],[-71.8217,-34.6209],[-71.8225,-34.6237],[-71.8239,-34.6254],[-71.8238,-34.6282],[-71.8206,-34.6308],[-71.8196,-34.6324],[-71.8168,-34.6327],[-71.8166,-34.6336],[-71.8146,-34.6354],[-71.8148,-34.6377],[-71.8136,-34.638],[-71.813,-34.6416],[-71.8107,-34.6441],[-71.8091,-34.6475],[-71.8092,-34.6501],[-71.8082,-34.6531],[-71.8089,-34.6559],[-71.8076,-34.6564],[-71.8069,-34.6579],[-71.8055,-34.6582],[-71.8034,-34.6644],[-71.8016,-34.6643],[-71.8008,-34.6651],[-71.8004,-34.6675],[-71.7995,-34.669],[-71.7974,-34.6696],[-71.7961,-34.6709],[-71.7922,-34.6727],[-71.7917,-34.6744],[-71.792,-34.6796],[-71.7969,-34.6779],[-71.8021,-34.677],[-71.8051,-34.6761],[-71.8073,-34.6748],[-71.812,-34.6738],[-71.8147,-34.6717],[-71.8179,-34.6712],[-71.8202,-34.6694],[-71.8221,-34.6692],[-71.8254,-34.6732],[-71.8269,-34.6739],[-71.8257,-34.6756],[-71.8253,-34.6777],[-71.8232,-34.6828],[-71.8218,-34.6839],[-71.8205,-34.6862],[-71.8201,-34.6895],[-71.8204,-34.6906],[-71.8188,-34.6925],[-71.8182,-34.6951],[-71.8191,-34.6983],[-71.8193,-34.7008],[-71.8204,-34.7017],[-71.8212,-34.7042],[-71.8226,-34.7053],[-71.8201,-34.7082],[-71.8156,-34.7114],[-71.814,-34.7116],[-71.8121,-34.7138],[-71.8098,-34.715],[-71.8092,-34.7172],[-71.8071,-34.719],[-71.8076,-34.7218],[-71.8075,-34.7267],[-71.8069,-34.7287],[-71.8054,-34.73],[-71.8049,-34.7341],[-71.8038,-34.7352],[-71.7991,-34.7385],[-71.7973,-34.7382],[-71.7943,-34.7402],[-71.7918,-34.7399],[-71.7894,-34.7415],[-71.7887,-34.7433],[-71.7902,-34.7476],[-71.7901,-34.7487],[-71.7883,-34.7513],[-71.7887,-34.7522],[-71.7871,-34.7555],[-71.7807,-34.7648],[-71.7808,-34.7694],[-71.7822,-34.7709],[-71.7843,-34.7716],[-71.7858,-34.774],[-71.7862,-34.7757],[-71.7855,-34.7774],[-71.7834,-34.7866],[-71.7829,-34.7904],[-71.7841,-34.7925],[-71.7845,-34.7945],[-71.7841,-34.7963],[-71.7822,-34.7982],[-71.781,-34.7986],[-71.7823,-34.8023],[-71.7832,-34.8039],[-71.787,-34.805],[-71.7877,-34.8068],[-71.7875,-34.8096],[-71.7888,-34.8116],[-71.791,-34.8126],[-71.7934,-34.8175],[-71.7923,-34.8215],[-71.7949,-34.824],[-71.7966,-34.8268],[-71.799,-34.8281],[-71.8021,-34.8287],[-71.8034,-34.8314],[-71.8062,-34.8338],[-71.8078,-34.8355],[-71.8097,-34.8372],[-71.8122,-34.8384],[-71.8151,-34.8392],[-71.8173,-34.8408],[-71.82,-34.8399],[-71.8206,-34.8397],[-71.8219,-34.8391],[-71.8222,-34.8389],[-71.823,-34.8374],[-71.8238,-34.837],[-71.8274,-34.8363],[-71.8285,-34.8357],[-71.8322,-34.836],[-71.834,-34.8366],[-71.8364,-34.8367],[-71.8392,-34.8363],[-71.8425,-34.8366],[-71.8439,-34.8353],[-71.8445,-34.8342],[-71.8451,-34.8301],[-71.8454,-34.8269],[-71.8456,-34.8256],[-71.848,-34.824],[-71.851,-34.8236],[-71.8526,-34.8222],[-71.8546,-34.8231],[-71.8567,-34.8224],[-71.8602,-34.82],[-71.8645,-34.8186],[-71.8651,-34.8181],[-71.8679,-34.8183],[-71.8681,-34.8183],[-71.8692,-34.818],[-71.8698,-34.818],[-71.873,-34.8182],[-71.8763,-34.8172],[-71.8786,-34.8173],[-71.8814,-34.818],[-71.8852,-34.818],[-71.8857,-34.8179],[-71.8878,-34.8173],[-71.8889,-34.8172],[-71.8914,-34.8154],[-71.8921,-34.8149],[-71.8946,-34.8147],[-71.8986,-34.8166],[-71.8993,-34.8167],[-71.9037,-34.8158],[-71.9049,-34.8158],[-71.9055,-34.8159],[-71.9076,-34.8162],[-71.9083,-34.8161],[-71.9091,-34.816],[-71.9104,-34.8158],[-71.9127,-34.8155],[-71.9141,-34.8147],[-71.9147,-34.8141],[-71.9154,-34.8135],[-71.9162,-34.8128],[-71.9188,-34.8105],[-71.9194,-34.8102],[-71.92,-34.8101],[-71.9224,-34.8093],[-71.9259,-34.8073],[-71.9302,-34.804],[-71.9326,-34.8012],[-71.9332,-34.7991],[-71.9347,-34.7963],[-71.9372,-34.7942],[-71.9383,-34.7925],[-71.94,-34.7921],[-71.9424,-34.7901],[-71.9434,-34.7896],[-71.9447,-34.7886],[-71.945,-34.7866],[-71.9437,-34.7818],[-71.9436,-34.7801],[-71.9439,-34.7782],[-71.9438,-34.7765],[-71.9424,-34.7712],[-71.9424,-34.7709],[-71.9427,-34.769],[-71.9448,-34.7675],[-71.9471,-34.767],[-71.9517,-34.7647],[-71.9521,-34.7645],[-71.953,-34.7637],[-71.953,-34.7634],[-71.9532,-34.763],[-71.9533,-34.7627],[-71.9534,-34.7623],[-71.9533,-34.7609],[-71.9535,-34.7605],[-71.9534,-34.7602],[-71.9534,-34.7598],[-71.9534,-34.7594],[-71.9532,-34.7573],[-71.9574,-34.7561],[-71.9591,-34.7543],[-71.9594,-34.754],[-71.9595,-34.7537],[-71.9609,-34.7521],[-71.9648,-34.7502],[-71.9653,-34.7501],[-71.9656,-34.7501],[-71.9664,-34.75],[-71.9669,-34.7502],[-71.9671,-34.7503],[-71.9699,-34.752],[-71.9728,-34.7546],[-71.974,-34.7547],[-71.9771,-34.754],[-71.9778,-34.7534],[-71.9783,-34.7528],[-71.9789,-34.7523],[-71.9795,-34.7519],[-71.9801,-34.7517],[-71.9873,-34.7471],[-71.9884,-34.7439],[-71.9923,-34.7417],[-71.9959,-34.7411],[-71.9965,-34.741],[-71.997,-34.7408],[-71.9966,-34.7387],[-71.9964,-34.7382],[-71.9958,-34.7354],[-71.9959,-34.7349],[-71.9957,-34.7344],[-71.9953,-34.7338],[-71.9949,-34.7336],[-71.9946,-34.7327],[-71.9946,-34.7324],[-71.9949,-34.7318],[-71.9984,-34.7294],[-71.9986,-34.7288],[-71.9987,-34.7284],[-71.9947,-34.7199],[-71.9947,-34.718],[-71.9946,-34.7176],[-71.9946,-34.7162],[-71.9972,-34.7146],[-71.9981,-34.7143],[-72.0001,-34.7139],[-72.0018,-34.7132],[-72.0024,-34.7107],[-72.0025,-34.7104],[-72.0026,-34.7098],[-72.0031,-34.7077],[-72.0037,-34.7065],[-72.0046,-34.7055],[-72.005,-34.705],[-72.0062,-34.7041],[-72.008,-34.7035],[-72.0087,-34.7032],[-72.0091,-34.703],[-72.0145,-34.7011],[-72.0175,-34.6995],[-72.0215,-34.6986],[-72.0224,-34.6986],[-72.0251,-34.6992],[-72.0282,-34.7003],[-72.03,-34.7009],[-72.0319,-34.701],[-72.0347,-34.6989],[-72.0356,-34.6976],[-72.0362,-34.6965],[-72.0363,-34.6952],[-72.0363,-34.6945],[-72.0362,-34.6941],[-72.0359,-34.6934],[-72.0356,-34.6923],[-72.0353,-34.69],[-72.0343,-34.6876],[-72.0343,-34.6873],[-72.0344,-34.687],[-72.0346,-34.6865],[-72.035,-34.6859],[-72.0365,-34.685],[-72.0375,-34.6849],[-72.04,-34.6847],[-72.0406,-34.6851],[-72.0408,-34.6852],[-72.0408,-34.6852],[-72.0415,-34.6857],[-72.0428,-34.6864],[-72.0452,-34.6872],[-72.0478,-34.6874],[-72.0512,-34.6876],[-72.0535,-34.6875],[-72.0558,-34.6873],[-72.056,-34.6871],[-72.0554,-34.6861],[-72.0531,-34.6799],[-72.0526,-34.6726],[-72.0528,-34.667],[-72.0521,-34.6648],[-72.0524,-34.6602],[-72.0514,-34.6572],[-72.0515,-34.6545],[-72.0504,-34.6524],[-72.0501,-34.6486],[-72.0492,-34.6479],[-72.0493,-34.6455],[-72.048,-34.6424],[-72.0472,-34.6419],[-72.0464,-34.6397],[-72.0441,-34.64],[-72.0427,-34.638],[-72.0423,-34.6326],[-72.0425,-34.6291],[-72.0434,-34.6249],[-72.0431,-34.6217],[-72.0442,-34.6167],[-72.0442,-34.6141],[-72.0448,-34.6128],[-72.0443,-34.6089],[-72.0453,-34.6074],[-72.0447,-34.6058],[-72.045,-34.604],[-72.0438,-34.5995],[-72.0414,-34.596],[-72.0426,-34.5928],[-72.0429,-34.59],[-72.0445,-34.5842],[-72.0489,-34.5718],[-72.0508,-34.5678],[-72.0533,-34.5602],[-72.0529,-34.5593],[-72.0535,-34.5559],[-72.0525,-34.5548],[-72.052,-34.5524],[-72.0523,-34.5499],[-72.0512,-34.548]]]},"properties":{"Comuna":"Paredones","Provincia":"Cardenal Caro","cod_comuna":6206}},{"type":"Feature","geometry":{"type":"Polygon","coordinates":[[[-72.0012,-34.173],[-71.9986,-34.1722],[-71.9977,-34.171],[-71.996,-34.1705],[-71.9949,-34.1711],[-71.9934,-34.17],[-71.9898,-34.1706],[-71.9876,-34.1695],[-71.9845,-34.17],[-71.9824,-34.1708],[-71.9788,-34.1671],[-71.9776,-34.1665],[-71.9749,-34.1661],[-71.9732,-34.1677],[-71.9714,-34.1677],[-71.9703,-34.1688],[-71.9646,-34.1695],[-71.9646,-34.171],[-71.9636,-34.1727],[-71.964,-34.1742],[-71.9626,-34.1756],[-71.9621,-34.1771],[-71.9604,-34.1783],[-71.9584,-34.1782],[-71.9574,-34.1773],[-71.9554,-34.1744],[-71.955,-34.1731],[-71.9518,-34.1714],[-71.9516,-34.1696],[-71.95,-34.1665],[-71.9482,-34.1643],[-71.9468,-34.1642],[-71.9457,-34.1626],[-71.944,-34.1638],[-71.9402,-34.1641],[-71.9382,-34.1657],[-71.9379,-34.167],[-71.9365,-34.1677],[-71.9323,-34.1679],[-71.9308,-34.1692],[-71.929,-34.1692],[-71.9283,-34.1714],[-71.9269,-34.1724],[-71.9183,-34.1735],[-71.9153,-34.1719],[-71.9135,-34.1727],[-71.9126,-34.1746],[-71.9101,-34.1766],[-71.9077,-34.1778],[-71.9061,-34.1793],[-71.9052,-34.1826],[-71.9037,-34.1829],[-71.9003,-34.1828],[-71.894,-34.1832],[-71.8913,-34.1814],[-71.8898,-34.1813],[-71.8877,-34.1832],[-71.8864,-34.1818],[-71.8843,-34.1814],[-71.8833,-34.1801],[-71.879,-34.1804],[-71.8779,-34.1829],[-71.8766,-34.183],[-71.8734,-34.1809],[-71.8721,-34.183],[-71.8695,-34.1832],[-71.8667,-34.1828],[-71.8645,-34.182],[-71.8612,-34.1796],[-71.8584,-34.1784],[-71.8559,-34.1788],[-71.8547,-34.1809],[-71.8533,-34.1819],[-71.851,-34.1822],[-71.8462,-34.1799],[-71.8428,-34.1805],[-71.8413,-34.1815],[-71.8376,-34.183],[-71.8357,-34.1829],[-71.8334,-34.1843],[-71.8286,-34.1845],[-71.8267,-34.1855],[-71.8231,-34.1889],[-71.8195,-34.1904],[-71.8173,-34.1933],[-71.815,-34.1938],[-71.8128,-34.1951],[-71.8088,-34.1992],[-71.8089,-34.2012],[-71.8118,-34.2024],[-71.8136,-34.2048],[-71.8127,-34.2063],[-71.8134,-34.2088],[-71.8148,-34.2096],[-71.8168,-34.2095],[-71.8171,-34.2117],[-71.818,-34.2125],[-71.8199,-34.2119],[-71.8219,-34.213],[-71.8218,-34.2143],[-71.8172,-34.2147],[-71.816,-34.2162],[-71.8178,-34.2178],[-71.8199,-34.2178],[-71.822,-34.2192],[-71.8231,-34.2213],[-71.8227,-34.2224],[-71.8252,-34.2235],[-71.8267,-34.2223],[-71.8286,-34.2248],[-71.8268,-34.2265],[-71.8269,-34.2282],[-71.8288,-34.2298],[-71.8321,-34.2343],[-71.8325,-34.2358],[-71.8341,-34.2366],[-71.835,-34.2392],[-71.837,-34.2404],[-71.8394,-34.2428],[-71.8422,-34.2438],[-71.845,-34.2463],[-71.8453,-34.2478],[-71.8474,-34.2494],[-71.8567,-34.2541],[-71.8602,-34.2579],[-71.8618,-34.2605],[-71.8648,-34.2612],[-71.8649,-34.2626],[-71.8665,-34.2626],[-71.8689,-34.2643],[-71.8704,-34.2672],[-71.8729,-34.2661],[-71.8758,-34.2686],[-71.8778,-34.271],[-71.879,-34.2733],[-71.8787,-34.275],[-71.8769,-34.2784],[-71.8752,-34.279],[-71.8741,-34.2803],[-71.8723,-34.281],[-71.8706,-34.2808],[-71.87,-34.2818],[-71.8704,-34.2842],[-71.8696,-34.2876],[-71.8673,-34.2897],[-71.8655,-34.2924],[-71.8648,-34.2945],[-71.8619,-34.2973],[-71.8592,-34.2973],[-71.8571,-34.2983],[-71.8536,-34.2982],[-71.8529,-34.3008],[-71.8539,-34.3038],[-71.8533,-34.3052],[-71.8508,-34.3075],[-71.851,-34.3093],[-71.8531,-34.3141],[-71.8542,-34.3143],[-71.8589,-34.3133],[-71.8611,-34.314],[-71.865,-34.3178],[-71.8612,-34.3183],[-71.8574,-34.3185],[-71.856,-34.3196],[-71.8534,-34.3199],[-71.8506,-34.3215],[-71.8476,-34.3229],[-71.8446,-34.3237],[-71.8438,-34.323],[-71.8413,-34.3232],[-71.8397,-34.3228],[-71.8379,-34.3241],[-71.8368,-34.3222],[-71.8333,-34.3202],[-71.8333,-34.3191],[-71.8317,-34.3154],[-71.8293,-34.3129],[-71.8265,-34.3122],[-71.8255,-34.3111],[-71.8232,-34.3099],[-71.8223,-34.3087],[-71.8202,-34.3084],[-71.8152,-34.3108],[-71.8149,-34.3118],[-71.8173,-34.3135],[-71.8178,-34.3162],[-71.819,-34.3188],[-71.818,-34.3202],[-71.8182,-34.3252],[-71.8161,-34.3287],[-71.8135,-34.3337],[-71.8257,-34.3397],[-71.8257,-34.3459],[-71.8202,-34.344],[-71.8187,-34.3423],[-71.8172,-34.3416],[-71.8144,-34.3423],[-71.8122,-34.3443],[-71.8112,-34.3469],[-71.8097,-34.348],[-71.8073,-34.3476],[-71.8105,-34.3664],[-71.8101,-34.3687],[-71.807,-34.3715],[-71.8058,-34.373],[-71.8042,-34.374],[-71.8049,-34.3755],[-71.8043,-34.3772],[-71.8024,-34.378],[-71.8013,-34.3806],[-71.8029,-34.3824],[-71.8026,-34.3862],[-71.8041,-34.3875],[-71.8028,-34.3891],[-71.8007,-34.3901],[-71.8015,-34.392],[-71.7997,-34.3924],[-71.7983,-34.3936],[-71.798,-34.3951],[-71.7993,-34.3959],[-71.8005,-34.4039],[-71.802,-34.4062],[-71.8022,-34.4082],[-71.8032,-34.4098],[-71.8031,-34.4122],[-71.8037,-34.4152],[-71.8067,-34.4204],[-71.8079,-34.4218],[-71.8089,-34.4254],[-71.8091,-34.4298],[-71.8124,-34.4335],[-71.8158,-34.4361],[-71.8167,-34.4376],[-71.8196,-34.4387],[-71.8206,-34.4418],[-71.8195,-34.4452],[-71.8204,-34.4464],[-71.8163,-34.4494],[-71.8157,-34.4547],[-71.8165,-34.4575],[-71.8152,-34.4587],[-71.8136,-34.4612],[-71.8132,-34.4626],[-71.8104,-34.4641],[-71.8094,-34.4652],[-71.8091,-34.4684],[-71.8074,-34.4702],[-71.8047,-34.4704],[-71.8009,-34.4732],[-71.7994,-34.4734],[-71.7933,-34.4733],[-71.7911,-34.4742],[-71.789,-34.4725],[-71.7873,-34.4729],[-71.7838,-34.4716],[-71.7795,-34.4732],[-71.7773,-34.4727],[-71.7737,-34.4731],[-71.77,-34.4732],[-71.7687,-34.474],[-71.7672,-34.4773],[-71.7674,-34.4786],[-71.7651,-34.4799],[-71.7639,-34.4818],[-71.7603,-34.4847],[-71.7596,-34.4862],[-71.7578,-34.4873],[-71.758,-34.4928],[-71.7598,-34.4938],[-71.7601,-34.4949],[-71.7592,-34.4971],[-71.7593,-34.4998],[-71.7569,-34.5025],[-71.7556,-34.505],[-71.7561,-34.5057],[-71.7563,-34.5093],[-71.7528,-34.5111],[-71.7513,-34.5141],[-71.7528,-34.5152],[-71.7524,-34.5161],[-71.7499,-34.5184],[-71.7477,-34.5198],[-71.7469,-34.5229],[-71.7478,-34.5251],[-71.7466,-34.5275],[-71.7483,-34.5295],[-71.7485,-34.5323],[-71.7501,-34.5346],[-71.7504,-34.5367],[-71.7525,-34.538],[-71.7529,-34.5394],[-71.7547,-34.54],[-71.7554,-34.5427],[-71.757,-34.5425],[-71.7572,-34.5409],[-71.7587,-34.5404],[-71.7602,-34.5416],[-71.7618,-34.5419],[-71.7635,-34.5433],[-71.7667,-34.5444],[-71.7708,-34.5455],[-71.7722,-34.5452],[-71.777,-34.5425],[-71.7789,-34.5417],[-71.782,-34.5395],[-71.783,-34.5382],[-71.7869,-34.5349],[-71.7891,-34.5341],[-71.7935,-34.5357],[-71.795,-34.536],[-71.7999,-34.536],[-71.8028,-34.5356],[-71.806,-34.5344],[-71.8088,-34.5346],[-71.8129,-34.5336],[-71.8159,-34.5345],[-71.8202,-34.5342],[-71.8286,-34.5361],[-71.8324,-34.5358],[-71.8333,-34.5345],[-71.8327,-34.5326],[-71.8296,-34.529],[-71.8291,-34.5274],[-71.8304,-34.5253],[-71.8333,-34.5239],[-71.8353,-34.5239],[-71.8368,-34.5229],[-71.8395,-34.5235],[-71.8407,-34.5223],[-71.8429,-34.5213],[-71.8481,-34.5183],[-71.8492,-34.5161],[-71.8491,-34.5152],[-71.8502,-34.5134],[-71.8526,-34.5115],[-71.8545,-34.5087],[-71.8557,-34.5078],[-71.8582,-34.5079],[-71.8602,-34.509],[-71.8626,-34.5087],[-71.866,-34.5095],[-71.8673,-34.5107],[-71.8701,-34.5109],[-71.8733,-34.512],[-71.8737,-34.5129],[-71.8726,-34.5148],[-71.8708,-34.5161],[-71.8696,-34.5176],[-71.865,-34.52],[-71.8639,-34.5216],[-71.8648,-34.5234],[-71.8671,-34.5245],[-71.8685,-34.5245],[-71.8707,-34.5264],[-71.8721,-34.5288],[-71.8734,-34.5296],[-71.8736,-34.5323],[-71.8754,-34.534],[-71.8797,-34.5356],[-71.8811,-34.5355],[-71.8817,-34.5339],[-71.8833,-34.5326],[-71.8866,-34.531],[-71.8879,-34.5289],[-71.8859,-34.5258],[-71.8867,-34.524],[-71.8902,-34.5212],[-71.8921,-34.5216],[-71.8955,-34.5209],[-71.897,-34.5226],[-71.9012,-34.5231],[-71.9026,-34.5244],[-71.9027,-34.5284],[-71.904,-34.5298],[-71.9058,-34.5292],[-71.9061,-34.5336],[-71.908,-34.5357],[-71.9108,-34.5367],[-71.913,-34.5386],[-71.9126,-34.5415],[-71.9148,-34.5416],[-71.9156,-34.5435],[-71.9134,-34.5452],[-71.913,-34.5462],[-71.9145,-34.5477],[-71.9134,-34.5497],[-71.9133,-34.552],[-71.9157,-34.5536],[-71.9166,-34.5555],[-71.9187,-34.5587],[-71.9182,-34.5596],[-71.9193,-34.5674],[-71.919,-34.5722],[-71.9201,-34.5744],[-71.9214,-34.575],[-71.923,-34.5734],[-71.9247,-34.5729],[-71.9275,-34.5714],[-71.9292,-34.5699],[-71.9324,-34.5684],[-71.9335,-34.567],[-71.9332,-34.5625],[-71.9344,-34.5615],[-71.9369,-34.5616],[-71.9404,-34.5594],[-71.9432,-34.5594],[-71.9446,-34.5573],[-71.9498,-34.5587],[-71.953,-34.5589],[-71.9561,-34.5579],[-71.96,-34.5589],[-71.9613,-34.5596],[-71.964,-34.558],[-71.967,-34.5567],[-71.97,-34.5536],[-71.9696,-34.5516],[-71.9703,-34.5491],[-71.9721,-34.5467],[-71.9752,-34.5467],[-71.9793,-34.55],[-71.9833,-34.5415],[-71.9925,-34.5467],[-71.9925,-34.5494],[-71.9942,-34.5526],[-71.9972,-34.5528],[-72.0009,-34.5522],[-72.0085,-34.5495],[-72.0129,-34.5487],[-72.0149,-34.5488],[-72.0187,-34.5497],[-72.022,-34.55],[-72.0228,-34.5495],[-72.0239,-34.5465],[-72.0273,-34.5449],[-72.0284,-34.5432],[-72.0303,-34.5423],[-72.0343,-34.5426],[-72.0379,-34.5416],[-72.039,-34.5426],[-72.0406,-34.5477],[-72.0434,-34.5479],[-72.048,-34.548],[-72.0512,-34.548],[-72.05,-34.5438],[-72.0503,-34.5417],[-72.0486,-34.5365],[-72.0466,-34.5365],[-72.0453,-34.5345],[-72.0467,-34.5319],[-72.0454,-34.5318],[-72.0431,-34.5299],[-72.0425,-34.5283],[-72.0395,-34.5232],[-72.0388,-34.5192],[-72.0391,-34.5186],[-72.0373,-34.5167],[-72.0362,-34.5163],[-72.0355,-34.5147],[-72.034,-34.5143],[-72.0341,-34.5131],[-72.0309,-34.5127],[-72.0304,-34.511],[-72.0292,-34.5104],[-72.0277,-34.5047],[-72.0277,-34.5],[-72.0269,-34.4958],[-72.0261,-34.4942],[-72.0245,-34.4886],[-72.0245,-34.4857],[-72.0251,-34.484],[-72.0262,-34.4781],[-72.0282,-34.4719],[-72.0303,-34.4664],[-72.034,-34.4574],[-72.0413,-34.4422],[-72.0457,-34.4335],[-72.046,-34.4321],[-72.0481,-34.4306],[-72.0489,-34.4292],[-72.0484,-34.4274],[-72.0489,-34.4258],[-72.0454,-34.4247],[-72.0446,-34.4256],[-72.0429,-34.4254],[-72.0418,-34.4268],[-72.0405,-34.4269],[-72.0374,-34.4256],[-72.0349,-34.423],[-72.0329,-34.4195],[-72.0309,-34.4142],[-72.0298,-34.4083],[-72.0292,-34.4024],[-72.0273,-34.4007],[-72.0257,-34.3976],[-72.0256,-34.3951],[-72.0266,-34.3939],[-72.0236,-34.3893],[-72.0199,-34.3886],[-72.0192,-34.3876],[-72.0174,-34.3822],[-72.0161,-34.3809],[-72.0147,-34.3825],[-72.0112,-34.3839],[-72.0091,-34.3836],[-72.0047,-34.3825],[-71.9998,-34.3803],[-71.9935,-34.3759],[-71.9901,-34.373],[-71.9847,-34.367],[-71.9808,-34.362],[-71.9783,-34.3569],[-71.9762,-34.3507],[-71.9752,-34.3435],[-71.9754,-34.3399],[-71.975,-34.3381],[-71.9753,-34.3329],[-71.9748,-34.3301],[-71.9762,-34.3226],[-71.9777,-34.321],[-71.9773,-34.3177],[-71.9775,-34.3125],[-71.9754,-34.3091],[-71.9753,-34.305],[-71.9736,-34.3037],[-71.9724,-34.3018],[-71.9721,-34.2994],[-71.9745,-34.2898],[-71.9744,-34.2882],[-71.9765,-34.2816],[-71.9783,-34.2767],[-71.9793,-34.2751],[-71.9811,-34.2738],[-71.9825,-34.2705],[-71.9811,-34.2676],[-71.9793,-34.2662],[-71.9793,-34.2651],[-71.9775,-34.2628],[-71.9793,-34.2588],[-71.9786,-34.2569],[-71.9799,-34.2558],[-71.9814,-34.2525],[-71.9792,-34.2506],[-71.9807,-34.247],[-71.9815,-34.2464],[-71.9818,-34.2436],[-71.9806,-34.2431],[-71.9807,-34.2417],[-71.982,-34.2398],[-71.9812,-34.2371],[-71.9821,-34.2353],[-71.9816,-34.234],[-71.983,-34.2321],[-71.9832,-34.2302],[-71.982,-34.229],[-71.9824,-34.2273],[-71.9844,-34.223],[-71.9872,-34.2179],[-71.9897,-34.214],[-71.991,-34.211],[-71.9934,-34.207],[-71.9942,-34.2051],[-71.9953,-34.2044],[-71.9979,-34.2001],[-71.9976,-34.1978],[-71.9967,-34.1959],[-71.9954,-34.1957],[-71.9952,-34.1941],[-71.9964,-34.1905],[-71.9984,-34.186],[-72.0003,-34.1849],[-71.9995,-34.1831],[-72.0017,-34.1806],[-72.0007,-34.1792],[-72.0005,-34.1778],[-72.0025,-34.1747],[-72.0012,-34.173]]]},"properties":{"Comuna":"Pichilemu","Provincia":"Cardenal Caro","cod_comuna":6201}},{"type":"Feature","geometry":{"type":"Polygon","coordinates":[[[-71.9441,-34.0695],[-71.9339,-34.071],[-71.933,-34.0738],[-71.9306,-34.0742],[-71.9301,-34.0824],[-71.9294,-34.0889],[-71.9132,-34.0946],[-71.893,-34.1014],[-71.8921,-34.1001],[-71.8893,-34.1001],[-71.8888,-34.0986],[-71.8838,-34.096],[-71.881,-34.0933],[-71.8788,-34.095],[-71.8698,-34.1015],[-71.8681,-34.1003],[-71.8589,-34.1106],[-71.8584,-34.1114],[-71.8394,-34.1014],[-71.8256,-34.0923],[-71.8155,-34.0943],[-71.7986,-34.0974],[-71.7986,-34.0987],[-71.7879,-34.0955],[-71.787,-34.0923],[-71.786,-34.0913],[-71.7847,-34.0884],[-71.7825,-34.0863],[-71.7824,-34.0847],[-71.7813,-34.0815],[-71.7773,-34.0778],[-71.772,-34.075],[-71.7717,-34.072],[-71.7702,-34.07],[-71.7675,-34.0675],[-71.7665,-34.0647],[-71.7656,-34.0585],[-71.7664,-34.0562],[-71.7644,-34.0543],[-71.7634,-34.0525],[-71.7598,-34.0504],[-71.758,-34.05],[-71.7561,-34.0477],[-71.7515,-34.0459],[-71.7489,-34.0438],[-71.7464,-34.04],[-71.7435,-34.0405],[-71.7397,-34.0329],[-71.7403,-34.0305],[-71.7378,-34.0296],[-71.7371,-34.0272],[-71.7381,-34.0255],[-71.7363,-34.0232],[-71.7338,-34.0231],[-71.7321,-34.021],[-71.7298,-34.0218],[-71.7286,-34.0199],[-71.7246,-34.0196],[-71.7227,-34.0191],[-71.7215,-34.0172],[-71.7212,-34.0112],[-71.7195,-34.0095],[-71.7153,-34.0089],[-71.7161,-34.0059],[-71.7144,-34.0048],[-71.7121,-34.0054],[-71.7099,-34.0048],[-71.7071,-34.0023],[-71.7056,-34.0022],[-71.7032,-34.003],[-71.7007,-34.0021],[-71.6987,-33.9996],[-71.6967,-33.9993],[-71.6949,-33.9968],[-71.6923,-33.9951],[-71.693,-33.9926],[-71.6923,-33.9904],[-71.6935,-33.989],[-71.694,-33.9874],[-71.6926,-33.9835],[-71.6935,-33.9823],[-71.6956,-33.9813],[-71.7003,-33.9797],[-71.7009,-33.9775],[-71.703,-33.9767],[-71.7067,-33.9764],[-71.7081,-33.9749],[-71.7037,-33.9719],[-71.7027,-33.9704],[-71.7032,-33.9682],[-71.7024,-33.9682],[-71.7017,-33.9681],[-71.6998,-33.9683],[-71.6993,-33.9708],[-71.6985,-33.9728],[-71.6951,-33.9752],[-71.6922,-33.9749],[-71.6908,-33.9732],[-71.689,-33.9723],[-71.6863,-33.9715],[-71.6831,-33.9738],[-71.68,-33.9743],[-71.6785,-33.9743],[-71.6752,-33.9731],[-71.6722,-33.9726],[-71.6714,-33.9727],[-71.6697,-33.9738],[-71.6676,-33.9759],[-71.6654,-33.9772],[-71.6656,-33.9806],[-71.6668,-33.9837],[-71.6668,-33.9871],[-71.6677,-33.9894],[-71.6663,-33.9915],[-71.6662,-33.9939],[-71.6671,-33.9954],[-71.6669,-33.9973],[-71.6651,-33.998],[-71.6643,-33.9979],[-71.6635,-33.9979],[-71.6597,-33.9959],[-71.6564,-33.9958],[-71.6491,-33.9973],[-71.647,-33.9978],[-71.6419,-34.0001],[-71.6408,-34.0009],[-71.6375,-34.0014],[-71.6367,-34.0013],[-71.636,-34.0014],[-71.6356,-34.0017],[-71.6347,-34.0019],[-71.6338,-34.0018],[-71.6326,-34.0022],[-71.6308,-34.0024],[-71.6235,-34.0025],[-71.6202,-34.003],[-71.6175,-34.0029],[-71.6147,-34.0034],[-71.613,-34.0062],[-71.6102,-34.0091],[-71.6084,-34.0098],[-71.6056,-34.0102],[-71.603,-34.0124],[-71.6034,-34.0145],[-71.6022,-34.0194],[-71.5998,-34.0208],[-71.5985,-34.0218],[-71.5969,-34.0253],[-71.5957,-34.0259],[-71.5948,-34.0262],[-71.5887,-34.0274],[-71.5871,-34.0287],[-71.5873,-34.0341],[-71.586,-34.0334],[-71.5854,-34.0329],[-71.5843,-34.032],[-71.583,-34.0306],[-71.5805,-34.029],[-71.5801,-34.0271],[-71.5772,-34.0253],[-71.5757,-34.0226],[-71.5751,-34.0193],[-71.5783,-34.0162],[-71.5802,-34.0153],[-71.5804,-34.0143],[-71.5807,-34.0115],[-71.5782,-34.0102],[-71.5758,-34.0081],[-71.5739,-34.0075],[-71.5721,-34.0071],[-71.5715,-34.005],[-71.5737,-34.0021],[-71.5753,-34.001],[-71.574,-33.9991],[-71.5726,-33.9984],[-71.5696,-33.9946],[-71.569,-33.9929],[-71.5693,-33.9912],[-71.5709,-33.9891],[-71.5667,-33.9871],[-71.566,-33.987],[-71.5639,-33.9868],[-71.5624,-33.9885],[-71.5604,-33.9893],[-71.5577,-33.9917],[-71.5566,-33.9921],[-71.5561,-33.9922],[-71.5551,-33.9928],[-71.5547,-33.9931],[-71.5518,-33.9892],[-71.5339,-33.9935],[-71.5313,-33.9933],[-71.529,-33.9922],[-71.5233,-33.9925],[-71.5199,-33.9934],[-71.518,-33.9952],[-71.5143,-33.9948],[-71.5107,-33.996],[-71.5034,-33.997],[-71.5006,-33.9983],[-71.4987,-33.9983],[-71.4928,-34.001],[-71.4897,-34.0037],[-71.4851,-34.0054],[-71.4824,-34.006],[-71.481,-34.007],[-71.4768,-34.0073],[-71.4747,-34.0083],[-71.4731,-34.0107],[-71.4725,-34.0108],[-71.4721,-34.0109],[-71.4723,-34.0129],[-71.4753,-34.0157],[-71.4777,-34.0194],[-71.4779,-34.0214],[-71.4813,-34.0216],[-71.4821,-34.0229],[-71.482,-34.0262],[-71.485,-34.0268],[-71.4888,-34.029],[-71.4908,-34.0296],[-71.4912,-34.0332],[-71.4904,-34.0347],[-71.4908,-34.0375],[-71.4883,-34.039],[-71.4873,-34.0428],[-71.4875,-34.0438],[-71.4922,-34.0442],[-71.4944,-34.0435],[-71.4961,-34.0443],[-71.4975,-34.0428],[-71.4996,-34.0423],[-71.501,-34.0415],[-71.503,-34.042],[-71.504,-34.0431],[-71.5043,-34.0456],[-71.5038,-34.0471],[-71.5053,-34.049],[-71.5051,-34.0526],[-71.5086,-34.0537],[-71.5082,-34.0588],[-71.5093,-34.0615],[-71.5093,-34.0629],[-71.5102,-34.0647],[-71.5128,-34.0641],[-71.5136,-34.0652],[-71.5141,-34.0684],[-71.5151,-34.0699],[-71.5189,-34.0702],[-71.5225,-34.0697],[-71.5254,-34.0685],[-71.527,-34.0656],[-71.5267,-34.0623],[-71.5286,-34.0605],[-71.5306,-34.06],[-71.5331,-34.0603],[-71.534,-34.0609],[-71.536,-34.0606],[-71.5372,-34.0624],[-71.5381,-34.0623],[-71.5394,-34.0605],[-71.5428,-34.0615],[-71.5442,-34.0611],[-71.5457,-34.0622],[-71.5474,-34.0653],[-71.5525,-34.0683],[-71.5593,-34.0674],[-71.5614,-34.0666],[-71.5648,-34.0678],[-71.5663,-34.0675],[-71.5675,-34.0653],[-71.57,-34.0662],[-71.5715,-34.0648],[-71.5754,-34.0642],[-71.5753,-34.0656],[-71.5737,-34.0685],[-71.5754,-34.0718],[-71.5761,-34.0738],[-71.5757,-34.0756],[-71.5739,-34.0789],[-71.5723,-34.0838],[-71.5703,-34.0852],[-71.567,-34.086],[-71.5641,-34.0853],[-71.56,-34.0873],[-71.5571,-34.0879],[-71.5534,-34.0898],[-71.5494,-34.0898],[-71.5504,-34.0913],[-71.5504,-34.094],[-71.5484,-34.0979],[-71.548,-34.1006],[-71.549,-34.1018],[-71.552,-34.1031],[-71.5523,-34.1047],[-71.5534,-34.1061],[-71.553,-34.1078],[-71.5546,-34.1096],[-71.5535,-34.111],[-71.554,-34.112],[-71.5561,-34.1128],[-71.5561,-34.1147],[-71.5577,-34.119],[-71.5596,-34.1206],[-71.5636,-34.1235],[-71.5634,-34.126],[-71.5651,-34.1304],[-71.5647,-34.1336],[-71.5669,-34.1376],[-71.5688,-34.1391],[-71.5706,-34.1421],[-71.5706,-34.1437],[-71.5742,-34.1467],[-71.576,-34.1469],[-71.5775,-34.1479],[-71.5815,-34.1474],[-71.5868,-34.1452],[-71.596,-34.1428],[-71.6001,-34.1426],[-71.6037,-34.1396],[-71.608,-34.1375],[-71.6126,-34.1377],[-71.6144,-34.1371],[-71.6186,-34.1377],[-71.62,-34.1384],[-71.6246,-34.1388],[-71.6259,-34.1383],[-71.6288,-34.1388],[-71.6332,-34.1362],[-71.636,-34.1367],[-71.6417,-34.1397],[-71.6437,-34.1386],[-71.6566,-34.1381],[-71.6584,-34.1345],[-71.6636,-34.1341],[-71.668,-34.1344],[-71.667,-34.1431],[-71.6652,-34.146],[-71.6652,-34.1492],[-71.6642,-34.1518],[-71.6644,-34.155],[-71.6606,-34.1593],[-71.6611,-34.1607],[-71.665,-34.1635],[-71.6653,-34.1646],[-71.6645,-34.1663],[-71.6652,-34.1688],[-71.6631,-34.1708],[-71.6667,-34.1722],[-71.6706,-34.1725],[-71.6737,-34.1707],[-71.6761,-34.1688],[-71.6793,-34.1674],[-71.6828,-34.1678],[-71.6863,-34.1695],[-71.6882,-34.1713],[-71.6888,-34.1728],[-71.691,-34.1738],[-71.6909,-34.1793],[-71.694,-34.1816],[-71.6943,-34.184],[-71.6932,-34.186],[-71.6945,-34.1876],[-71.6985,-34.1881],[-71.6999,-34.1895],[-71.7039,-34.1902],[-71.7029,-34.1962],[-71.7023,-34.1988],[-71.7047,-34.2008],[-71.708,-34.2023],[-71.7065,-34.2042],[-71.707,-34.2066],[-71.7103,-34.205],[-71.7118,-34.2068],[-71.7166,-34.209],[-71.7174,-34.2135],[-71.7169,-34.2151],[-71.7176,-34.2159],[-71.721,-34.2179],[-71.7219,-34.2209],[-71.7246,-34.2218],[-71.7249,-34.2246],[-71.7286,-34.2248],[-71.7309,-34.2264],[-71.7313,-34.228],[-71.7339,-34.2276],[-71.7355,-34.2283],[-71.7345,-34.2304],[-71.735,-34.2316],[-71.737,-34.2315],[-71.7375,-34.2326],[-71.7348,-34.2343],[-71.7337,-34.236],[-71.7336,-34.2384],[-71.7385,-34.2374],[-71.7398,-34.2378],[-71.7419,-34.2401],[-71.7455,-34.2388],[-71.7462,-34.2376],[-71.7483,-34.2369],[-71.7496,-34.2377],[-71.7503,-34.2351],[-71.7519,-34.2351],[-71.7525,-34.2363],[-71.7563,-34.2373],[-71.7574,-34.2405],[-71.7588,-34.2419],[-71.7585,-34.2432],[-71.7599,-34.2441],[-71.7622,-34.2442],[-71.7645,-34.2431],[-71.7655,-34.2411],[-71.7651,-34.2393],[-71.767,-34.2386],[-71.7689,-34.2409],[-71.7704,-34.2396],[-71.7709,-34.2368],[-71.7725,-34.2355],[-71.7748,-34.2368],[-71.7765,-34.2389],[-71.7788,-34.2405],[-71.7812,-34.2405],[-71.7836,-34.2431],[-71.7875,-34.241],[-71.7921,-34.2407],[-71.7934,-34.2398],[-71.7932,-34.2347],[-71.7928,-34.2341],[-71.7893,-34.2325],[-71.7906,-34.2311],[-71.7909,-34.2279],[-71.7931,-34.2269],[-71.7948,-34.227],[-71.7962,-34.2259],[-71.7973,-34.2236],[-71.7955,-34.2211],[-71.7954,-34.2167],[-71.7943,-34.2145],[-71.7968,-34.2138],[-71.7979,-34.2126],[-71.7999,-34.2092],[-71.7999,-34.2084],[-71.8018,-34.2062],[-71.8037,-34.2062],[-71.8046,-34.2078],[-71.8076,-34.208],[-71.8127,-34.2063],[-71.8136,-34.2048],[-71.8118,-34.2024],[-71.8089,-34.2012],[-71.8088,-34.1992],[-71.8128,-34.1951],[-71.815,-34.1938],[-71.8173,-34.1933],[-71.8195,-34.1904],[-71.8231,-34.1889],[-71.8267,-34.1855],[-71.8286,-34.1845],[-71.8334,-34.1843],[-71.8357,-34.1829],[-71.8376,-34.183],[-71.8413,-34.1815],[-71.8428,-34.1805],[-71.8462,-34.1799],[-71.851,-34.1822],[-71.8533,-34.1819],[-71.8547,-34.1809],[-71.8559,-34.1788],[-71.8584,-34.1784],[-71.8612,-34.1796],[-71.8645,-34.182],[-71.8667,-34.1828],[-71.8695,-34.1832],[-71.8721,-34.183],[-71.8734,-34.1809],[-71.8766,-34.183],[-71.8779,-34.1829],[-71.879,-34.1804],[-71.8833,-34.1801],[-71.8843,-34.1814],[-71.8864,-34.1818],[-71.8877,-34.1832],[-71.8898,-34.1813],[-71.8913,-34.1814],[-71.894,-34.1832],[-71.9003,-34.1828],[-71.9037,-34.1829],[-71.9052,-34.1826],[-71.9061,-34.1793],[-71.9077,-34.1778],[-71.9101,-34.1766],[-71.9126,-34.1746],[-71.9135,-34.1727],[-71.9153,-34.1719],[-71.9183,-34.1735],[-71.9269,-34.1724],[-71.9283,-34.1714],[-71.929,-34.1692],[-71.9308,-34.1692],[-71.9323,-34.1679],[-71.9365,-34.1677],[-71.9379,-34.167],[-71.9382,-34.1657],[-71.9402,-34.1641],[-71.944,-34.1638],[-71.9457,-34.1626],[-71.9468,-34.1642],[-71.9482,-34.1643],[-71.95,-34.1665],[-71.9516,-34.1696],[-71.9518,-34.1714],[-71.955,-34.1731],[-71.9554,-34.1744],[-71.9574,-34.1773],[-71.9584,-34.1782],[-71.9604,-34.1783],[-71.9621,-34.1771],[-71.9626,-34.1756],[-71.964,-34.1742],[-71.9636,-34.1727],[-71.9646,-34.171],[-71.9646,-34.1695],[-71.9703,-34.1688],[-71.9714,-34.1677],[-71.9732,-34.1677],[-71.9749,-34.1661],[-71.9776,-34.1665],[-71.9788,-34.1671],[-71.9824,-34.1708],[-71.9845,-34.17],[-71.9876,-34.1695],[-71.9898,-34.1706],[-71.9934,-34.17],[-71.9949,-34.1711],[-71.996,-34.1705],[-71.9977,-34.171],[-71.9986,-34.1722],[-72.0012,-34.173],[-72.0013,-34.1713],[-72.0004,-34.1696],[-72.0005,-34.167],[-72.0025,-34.1654],[-72.0027,-34.1645],[-72.0016,-34.1619],[-72.003,-34.1584],[-72.0048,-34.1581],[-72.0049,-34.156],[-72.0028,-34.1531],[-72.0022,-34.1505],[-72.0022,-34.1484],[-72.0035,-34.1454],[-72.0043,-34.1428],[-72.0069,-34.1377],[-72.009,-34.1345],[-72.0087,-34.1321],[-72.0053,-34.1307],[-72.0004,-34.1304],[-71.9977,-34.1288],[-71.9944,-34.1305],[-71.9929,-34.1285],[-71.9914,-34.129],[-71.9866,-34.1266],[-71.9868,-34.1256],[-71.9856,-34.1245],[-71.983,-34.1195],[-71.9813,-34.1149],[-71.9789,-34.1095],[-71.978,-34.1063],[-71.9772,-34.1008],[-71.977,-34.0962],[-71.978,-34.0949],[-71.9746,-34.0949],[-71.9718,-34.0925],[-71.9718,-34.0895],[-71.9709,-34.088],[-71.9665,-34.0865],[-71.9649,-34.0866],[-71.9623,-34.0883],[-71.9602,-34.0886],[-71.9559,-34.0867],[-71.9537,-34.0843],[-71.9485,-34.078],[-71.9448,-34.0719],[-71.9441,-34.0695]]]},"properties":{"Comuna":"Litueche","Provincia":"Cardenal Caro","cod_comuna":6203}},{"type":"Feature","geometry":{"type":"Polygon","coordinates":[[[-71.8323,-33.9048],[-71.8322,-33.9055],[-71.8323,-33.9061],[-71.8336,-33.9087],[-71.8356,-33.9108],[-71.8368,-33.9114],[-71.839,-33.9128],[-71.8412,-33.9152],[-71.8416,-33.9159],[-71.8424,-33.9171],[-71.8431,-33.9183],[-71.843,-33.9199],[-71.8425,-33.9207],[-71.8415,-33.9215],[-71.8402,-33.9228],[-71.8369,-33.9241],[-71.8365,-33.9242],[-71.8343,-33.9238],[-71.8331,-33.9228],[-71.831,-33.9195],[-71.8294,-33.9183],[-71.8264,-33.9156],[-71.825,-33.914],[-71.8239,-33.9129],[-71.8231,-33.912],[-71.8198,-33.9103],[-71.8178,-33.9098],[-71.814,-33.9083],[-71.8131,-33.9079],[-71.812,-33.9076],[-71.8098,-33.9073],[-71.8077,-33.9078],[-71.8057,-33.9095],[-71.8041,-33.9117],[-71.8027,-33.9135],[-71.8007,-33.9153],[-71.799,-33.9182],[-71.7966,-33.9202],[-71.7952,-33.92],[-71.7934,-33.9195],[-71.7928,-33.9191],[-71.7916,-33.9183],[-71.7904,-33.9183],[-71.7885,-33.9186],[-71.7881,-33.9191],[-71.786,-33.9213],[-71.7823,-33.9242],[-71.7821,-33.9257],[-71.7825,-33.9272],[-71.7836,-33.9287],[-71.7845,-33.9304],[-71.7845,-33.9311],[-71.7841,-33.9326],[-71.7826,-33.9344],[-71.7821,-33.935],[-71.7812,-33.9353],[-71.7743,-33.9363],[-71.7724,-33.9365],[-71.7713,-33.9365],[-71.771,-33.9364],[-71.768,-33.9352],[-71.7677,-33.9345],[-71.7665,-33.9301],[-71.7655,-33.9286],[-71.7644,-33.9268],[-71.7619,-33.9243],[-71.7598,-33.9228],[-71.758,-33.9218],[-71.7553,-33.9208],[-71.7497,-33.9203],[-71.7484,-33.9214],[-71.749,-33.9241],[-71.7511,-33.9272],[-71.7536,-33.9332],[-71.7538,-33.934],[-71.7552,-33.9368],[-71.7542,-33.9384],[-71.7512,-33.9398],[-71.7481,-33.94],[-71.7463,-33.9399],[-71.7428,-33.9394],[-71.7364,-33.9393],[-71.7332,-33.9402],[-71.7299,-33.942],[-71.7287,-33.943],[-71.7281,-33.9438],[-71.7273,-33.9447],[-71.726,-33.9459],[-71.7263,-33.9476],[-71.7279,-33.9494],[-71.7279,-33.9504],[-71.7252,-33.9548],[-71.7225,-33.9561],[-71.7206,-33.956],[-71.7194,-33.9558],[-71.7191,-33.9555],[-71.719,-33.9532],[-71.7178,-33.9502],[-71.7159,-33.9491],[-71.7152,-33.9487],[-71.7145,-33.9483],[-71.7128,-33.9491],[-71.7126,-33.9497],[-71.7121,-33.9506],[-71.7113,-33.9521],[-71.7101,-33.9541],[-71.7097,-33.9548],[-71.7095,-33.9554],[-71.7089,-33.9575],[-71.7082,-33.9588],[-71.7077,-33.9608],[-71.7105,-33.9639],[-71.7119,-33.966],[-71.7112,-33.967],[-71.7098,-33.9676],[-71.7096,-33.9677],[-71.7086,-33.9679],[-71.7032,-33.9682],[-71.7027,-33.9704],[-71.7037,-33.9719],[-71.7081,-33.9749],[-71.7067,-33.9764],[-71.703,-33.9767],[-71.7009,-33.9775],[-71.7003,-33.9797],[-71.6956,-33.9813],[-71.6935,-33.9823],[-71.6926,-33.9835],[-71.694,-33.9874],[-71.6935,-33.989],[-71.6923,-33.9904],[-71.693,-33.9926],[-71.6923,-33.9951],[-71.6949,-33.9968],[-71.6967,-33.9993],[-71.6987,-33.9996],[-71.7007,-34.0021],[-71.7032,-34.003],[-71.7056,-34.0022],[-71.7071,-34.0023],[-71.7099,-34.0048],[-71.7121,-34.0054],[-71.7144,-34.0048],[-71.7161,-34.0059],[-71.7153,-34.0089],[-71.7195,-34.0095],[-71.7212,-34.0112],[-71.7215,-34.0172],[-71.7227,-34.0191],[-71.7246,-34.0196],[-71.7286,-34.0199],[-71.7298,-34.0218],[-71.7321,-34.021],[-71.7338,-34.0231],[-71.7363,-34.0232],[-71.7381,-34.0255],[-71.7371,-34.0272],[-71.7378,-34.0296],[-71.7403,-34.0305],[-71.7397,-34.0329],[-71.7435,-34.0405],[-71.7464,-34.04],[-71.7489,-34.0438],[-71.7515,-34.0459],[-71.7561,-34.0477],[-71.758,-34.05],[-71.7598,-34.0504],[-71.7634,-34.0525],[-71.7644,-34.0543],[-71.7664,-34.0562],[-71.7656,-34.0585],[-71.7665,-34.0647],[-71.7675,-34.0675],[-71.7702,-34.07],[-71.7717,-34.072],[-71.772,-34.075],[-71.7773,-34.0778],[-71.7813,-34.0815],[-71.7824,-34.0847],[-71.7825,-34.0863],[-71.7847,-34.0884],[-71.786,-34.0913],[-71.787,-34.0923],[-71.7879,-34.0955],[-71.7986,-34.0987],[-71.7986,-34.0974],[-71.8155,-34.0943],[-71.8256,-34.0923],[-71.8394,-34.1014],[-71.8584,-34.1114],[-71.8589,-34.1106],[-71.8681,-34.1003],[-71.8698,-34.1015],[-71.8788,-34.095],[-71.881,-34.0933],[-71.8838,-34.096],[-71.8888,-34.0986],[-71.8893,-34.1001],[-71.8921,-34.1001],[-71.893,-34.1014],[-71.9132,-34.0946],[-71.9294,-34.0889],[-71.9301,-34.0824],[-71.9306,-34.0742],[-71.933,-34.0738],[-71.9339,-34.071],[-71.9441,-34.0695],[-71.9423,-34.0645],[-71.9423,-34.0607],[-71.9412,-34.057],[-71.9416,-34.0547],[-71.9411,-34.0519],[-71.9418,-34.0502],[-71.9415,-34.0476],[-71.9423,-34.0466],[-71.9417,-34.0452],[-71.939,-34.0424],[-71.9391,-34.0409],[-71.936,-34.0391],[-71.936,-34.037],[-71.9347,-34.036],[-71.9333,-34.036],[-71.9307,-34.0332],[-71.9284,-34.0323],[-71.9257,-34.0306],[-71.9255,-34.0297],[-71.9204,-34.0285],[-71.9188,-34.0267],[-71.9176,-34.0242],[-71.9156,-34.0223],[-71.9107,-34.0189],[-71.9073,-34.0152],[-71.905,-34.0136],[-71.8991,-34.0084],[-71.8961,-34.0045],[-71.8936,-34.0005],[-71.891,-33.9982],[-71.8898,-33.9964],[-71.8889,-33.9921],[-71.8882,-33.9904],[-71.885,-33.9873],[-71.884,-33.9856],[-71.8838,-33.9836],[-71.8838,-33.9768],[-71.8847,-33.9711],[-71.8832,-33.9658],[-71.8833,-33.9634],[-71.8808,-33.9634],[-71.8797,-33.9625],[-71.8752,-33.9623],[-71.8747,-33.961],[-71.873,-33.9594],[-71.8715,-33.9553],[-71.87,-33.9527],[-71.8666,-33.9485],[-71.8638,-33.946],[-71.862,-33.9452],[-71.8595,-33.945],[-71.8571,-33.9443],[-71.8549,-33.9431],[-71.8532,-33.9413],[-71.8503,-33.9356],[-71.8497,-33.9322],[-71.8485,-33.9299],[-71.8491,-33.9285],[-71.8491,-33.9213],[-71.8477,-33.9194],[-71.8459,-33.9147],[-71.8445,-33.9121],[-71.8446,-33.9107],[-71.8419,-33.9085],[-71.8395,-33.9076],[-71.8356,-33.9038],[-71.8323,-33.9048]]]},"properties":{"Comuna":"Navidad","Provincia":"Cardenal Caro","cod_comuna":6205}},{"type":"Feature","geometry":{"type":"Polygon","coordinates":[[[-71.5494,-34.0898],[-71.5458,-34.0913],[-71.5407,-34.092],[-71.5382,-34.0917],[-71.5366,-34.0924],[-71.5352,-34.095],[-71.5352,-34.0966],[-71.5363,-34.0994],[-71.5362,-34.1012],[-71.5342,-34.1028],[-71.5336,-34.1043],[-71.5348,-34.1093],[-71.5346,-34.1108],[-71.5323,-34.1118],[-71.524,-34.1122],[-71.5204,-34.1129],[-71.5176,-34.114],[-71.5161,-34.1157],[-71.5143,-34.1203],[-71.5146,-34.1259],[-71.514,-34.1292],[-71.5119,-34.1311],[-71.5086,-34.1325],[-71.5033,-34.1332],[-71.4995,-34.1329],[-71.4932,-34.1307],[-71.4896,-34.1308],[-71.4873,-34.1319],[-71.4842,-34.1358],[-71.483,-34.1379],[-71.4821,-34.1411],[-71.4822,-34.1428],[-71.4833,-34.1458],[-71.4847,-34.1477],[-71.4874,-34.1528],[-71.488,-34.1557],[-71.4879,-34.1586],[-71.4874,-34.1636],[-71.4859,-34.1668],[-71.4797,-34.1763],[-71.4768,-34.1794],[-71.4736,-34.1833],[-71.4723,-34.1864],[-71.4718,-34.1895],[-71.4718,-34.1939],[-71.473,-34.198],[-71.4748,-34.2011],[-71.4754,-34.2031],[-71.4752,-34.2056],[-71.4752,-34.2149],[-71.4747,-34.2188],[-71.471,-34.2241],[-71.4683,-34.2264],[-71.4656,-34.2312],[-71.4649,-34.2357],[-71.4628,-34.2376],[-71.46,-34.2412],[-71.4566,-34.2433],[-71.4535,-34.2462],[-71.4529,-34.2476],[-71.4539,-34.2549],[-71.4549,-34.2559],[-71.4563,-34.2558],[-71.4565,-34.2576],[-71.4557,-34.2601],[-71.4565,-34.2615],[-71.4564,-34.2631],[-71.455,-34.2648],[-71.4569,-34.267],[-71.4582,-34.2678],[-71.4622,-34.2686],[-71.4626,-34.2697],[-71.4619,-34.2714],[-71.463,-34.2735],[-71.4657,-34.2752],[-71.4663,-34.2773],[-71.4657,-34.2783],[-71.463,-34.279],[-71.4608,-34.2786],[-71.4581,-34.2802],[-71.4567,-34.2818],[-71.4567,-34.2835],[-71.4546,-34.2856],[-71.4558,-34.287],[-71.4571,-34.2869],[-71.458,-34.2853],[-71.4608,-34.2851],[-71.4644,-34.2863],[-71.4664,-34.2864],[-71.469,-34.2879],[-71.4711,-34.2911],[-71.4721,-34.2941],[-71.4714,-34.297],[-71.4696,-34.2992],[-71.4684,-34.3023],[-71.4704,-34.3019],[-71.4725,-34.3008],[-71.4751,-34.3012],[-71.4776,-34.3026],[-71.4814,-34.302],[-71.4865,-34.2988],[-71.4898,-34.298],[-71.4951,-34.2974],[-71.5001,-34.2947],[-71.5022,-34.2931],[-71.5036,-34.2928],[-71.5095,-34.2943],[-71.5148,-34.2944],[-71.5157,-34.2974],[-71.5203,-34.3008],[-71.5218,-34.3011],[-71.5244,-34.2998],[-71.528,-34.2956],[-71.529,-34.2931],[-71.5283,-34.2904],[-71.5273,-34.2892],[-71.5261,-34.2865],[-71.5237,-34.285],[-71.5228,-34.2828],[-71.5232,-34.2792],[-71.5262,-34.2774],[-71.5281,-34.275],[-71.531,-34.275],[-71.5344,-34.2763],[-71.5363,-34.2758],[-71.5385,-34.2761],[-71.541,-34.2751],[-71.5429,-34.2749],[-71.5453,-34.2737],[-71.5495,-34.2758],[-71.5524,-34.2792],[-71.557,-34.2819],[-71.5583,-34.2851],[-71.5607,-34.2858],[-71.5615,-34.2866],[-71.5627,-34.2897],[-71.5625,-34.2911],[-71.5645,-34.2931],[-71.5648,-34.2952],[-71.5659,-34.2978],[-71.568,-34.2998],[-71.5683,-34.3013],[-71.5698,-34.303],[-71.5746,-34.3046],[-71.5758,-34.3032],[-71.5789,-34.3019],[-71.5808,-34.3],[-71.5829,-34.3004],[-71.5851,-34.2983],[-71.5873,-34.2984],[-71.5896,-34.2963],[-71.5917,-34.298],[-71.592,-34.2959],[-71.593,-34.2952],[-71.5956,-34.2958],[-71.5996,-34.2931],[-71.603,-34.2944],[-71.6048,-34.2942],[-71.6079,-34.2924],[-71.6104,-34.2925],[-71.6115,-34.2901],[-71.6135,-34.2881],[-71.6153,-34.2876],[-71.6197,-34.2848],[-71.6197,-34.2838],[-71.621,-34.2826],[-71.626,-34.2833],[-71.6284,-34.2825],[-71.6306,-34.2823],[-71.6333,-34.2804],[-71.6358,-34.2817],[-71.6387,-34.2822],[-71.6408,-34.2818],[-71.6439,-34.2821],[-71.6467,-34.283],[-71.6478,-34.284],[-71.6502,-34.2848],[-71.6516,-34.2859],[-71.654,-34.2855],[-71.6568,-34.2874],[-71.6581,-34.2847],[-71.6599,-34.2853],[-71.6612,-34.2877],[-71.6624,-34.2882],[-71.6662,-34.2873],[-71.6696,-34.3008],[-71.6697,-34.3059],[-71.6717,-34.3065],[-71.6758,-34.3096],[-71.6771,-34.3098],[-71.6872,-34.3171],[-71.6894,-34.3182],[-71.6903,-34.3217],[-71.693,-34.3194],[-71.6928,-34.3175],[-71.7159,-34.3149],[-71.7164,-34.316],[-71.7279,-34.3149],[-71.7295,-34.3146],[-71.7344,-34.3125],[-71.7407,-34.3105],[-71.7437,-34.309],[-71.746,-34.307],[-71.7479,-34.3044],[-71.7514,-34.3024],[-71.7569,-34.2978],[-71.7595,-34.2962],[-71.7602,-34.2952],[-71.7606,-34.2924],[-71.7602,-34.2904],[-71.7627,-34.2884],[-71.7664,-34.2843],[-71.7687,-34.2841],[-71.7693,-34.2813],[-71.7717,-34.2793],[-71.7739,-34.2728],[-71.7726,-34.2704],[-71.7734,-34.2677],[-71.7752,-34.267],[-71.7771,-34.2639],[-71.7786,-34.2633],[-71.7799,-34.2612],[-71.7793,-34.2603],[-71.7806,-34.2584],[-71.7823,-34.258],[-71.7838,-34.2562],[-71.7836,-34.2539],[-71.7862,-34.252],[-71.7873,-34.2483],[-71.7907,-34.2462],[-71.7908,-34.2447],[-71.792,-34.2437],[-71.7921,-34.2407],[-71.7875,-34.241],[-71.7836,-34.2431],[-71.7812,-34.2405],[-71.7788,-34.2405],[-71.7765,-34.2389],[-71.7748,-34.2368],[-71.7725,-34.2355],[-71.7709,-34.2368],[-71.7704,-34.2396],[-71.7689,-34.2409],[-71.767,-34.2386],[-71.7651,-34.2393],[-71.7655,-34.2411],[-71.7645,-34.2431],[-71.7622,-34.2442],[-71.7599,-34.2441],[-71.7585,-34.2432],[-71.7588,-34.2419],[-71.7574,-34.2405],[-71.7563,-34.2373],[-71.7525,-34.2363],[-71.7519,-34.2351],[-71.7503,-34.2351],[-71.7496,-34.2377],[-71.7483,-34.2369],[-71.7462,-34.2376],[-71.7455,-34.2388],[-71.7419,-34.2401],[-71.7398,-34.2378],[-71.7385,-34.2374],[-71.7336,-34.2384],[-71.7337,-34.236],[-71.7348,-34.2343],[-71.7375,-34.2326],[-71.737,-34.2315],[-71.735,-34.2316],[-71.7345,-34.2304],[-71.7355,-34.2283],[-71.7339,-34.2276],[-71.7313,-34.228],[-71.7309,-34.2264],[-71.7286,-34.2248],[-71.7249,-34.2246],[-71.7246,-34.2218],[-71.7219,-34.2209],[-71.721,-34.2179],[-71.7176,-34.2159],[-71.7169,-34.2151],[-71.7174,-34.2135],[-71.7166,-34.209],[-71.7118,-34.2068],[-71.7103,-34.205],[-71.707,-34.2066],[-71.7065,-34.2042],[-71.708,-34.2023],[-71.7047,-34.2008],[-71.7023,-34.1988],[-71.7029,-34.1962],[-71.7039,-34.1902],[-71.6999,-34.1895],[-71.6985,-34.1881],[-71.6945,-34.1876],[-71.6932,-34.186],[-71.6943,-34.184],[-71.694,-34.1816],[-71.6909,-34.1793],[-71.691,-34.1738],[-71.6888,-34.1728],[-71.6882,-34.1713],[-71.6863,-34.1695],[-71.6828,-34.1678],[-71.6793,-34.1674],[-71.6761,-34.1688],[-71.6737,-34.1707],[-71.6706,-34.1725],[-71.6667,-34.1722],[-71.6631,-34.1708],[-71.6652,-34.1688],[-71.6645,-34.1663],[-71.6653,-34.1646],[-71.665,-34.1635],[-71.6611,-34.1607],[-71.6606,-34.1593],[-71.6644,-34.155],[-71.6642,-34.1518],[-71.6652,-34.1492],[-71.6652,-34.146],[-71.667,-34.1431],[-71.668,-34.1344],[-71.6636,-34.1341],[-71.6584,-34.1345],[-71.6566,-34.1381],[-71.6437,-34.1386],[-71.6417,-34.1397],[-71.636,-34.1367],[-71.6332,-34.1362],[-71.6288,-34.1388],[-71.6259,-34.1383],[-71.6246,-34.1388],[-71.62,-34.1384],[-71.6186,-34.1377],[-71.6144,-34.1371],[-71.6126,-34.1377],[-71.608,-34.1375],[-71.6037,-34.1396],[-71.6001,-34.1426],[-71.596,-34.1428],[-71.5868,-34.1452],[-71.5815,-34.1474],[-71.5775,-34.1479],[-71.576,-34.1469],[-71.5742,-34.1467],[-71.5706,-34.1437],[-71.5706,-34.1421],[-71.5688,-34.1391],[-71.5669,-34.1376],[-71.5647,-34.1336],[-71.5651,-34.1304],[-71.5634,-34.126],[-71.5636,-34.1235],[-71.5596,-34.1206],[-71.5577,-34.119],[-71.5561,-34.1147],[-71.5561,-34.1128],[-71.554,-34.112],[-71.5535,-34.111],[-71.5546,-34.1096],[-71.553,-34.1078],[-71.5534,-34.1061],[-71.5523,-34.1047],[-71.552,-34.1031],[-71.549,-34.1018],[-71.548,-34.1006],[-71.5484,-34.0979],[-71.5504,-34.094],[-71.5504,-34.0913],[-71.5494,-34.0898]]]},"properties":{"Comuna":"La Estrella","Provincia":"Cardenal Caro","cod_comuna":6202}},{"type":"Feature","geometry":{"type":"Polygon","coordinates":[[[-70.8428,-34.1916],[-70.8422,-34.1923],[-70.8427,-34.1925],[-70.845,-34.1933],[-70.8483,-34.1963],[-70.8496,-34.1979],[-70.8532,-34.2008],[-70.8543,-34.2044],[-70.8542,-34.2072],[-70.8552,-34.2076],[-70.8562,-34.2093],[-70.8601,-34.2107],[-70.8648,-34.215],[-70.8679,-34.2136],[-70.8727,-34.2144],[-70.8755,-34.2156],[-70.8773,-34.2168],[-70.8818,-34.2169],[-70.8836,-34.2187],[-70.8861,-34.2191],[-70.8921,-34.2192],[-70.8946,-34.2189],[-70.897,-34.2179],[-70.8981,-34.217],[-70.9031,-34.2157],[-70.9089,-34.2154],[-70.9141,-34.2172],[-70.9166,-34.2187],[-70.9221,-34.2207],[-70.927,-34.2233],[-70.9333,-34.2263],[-70.9368,-34.2274],[-70.94,-34.2296],[-70.9409,-34.2312],[-70.9409,-34.2326],[-70.9422,-34.2347],[-70.9447,-34.235],[-70.949,-34.2363],[-70.9501,-34.2389],[-70.9527,-34.2402],[-70.9533,-34.2426],[-70.9561,-34.2446],[-70.9589,-34.2442],[-70.9604,-34.2454],[-70.9619,-34.2476],[-70.9675,-34.2518],[-70.97,-34.2524],[-70.9736,-34.2529],[-70.9741,-34.254],[-70.9762,-34.255],[-70.9781,-34.2548],[-70.9797,-34.2553],[-70.9814,-34.2534],[-70.9878,-34.2546],[-70.9925,-34.2549],[-70.9969,-34.2563],[-70.9968,-34.2541],[-70.9934,-34.2529],[-70.991,-34.2508],[-70.9906,-34.2481],[-70.9893,-34.2431],[-70.991,-34.2399],[-70.9921,-34.2364],[-70.9899,-34.2332],[-70.985,-34.2311],[-70.9835,-34.2287],[-70.9825,-34.2215],[-70.979,-34.2181],[-70.9771,-34.2151],[-70.9733,-34.2168],[-70.9716,-34.2182],[-70.9662,-34.2153],[-70.968,-34.2137],[-70.9659,-34.2106],[-70.9643,-34.2092],[-70.9644,-34.2074],[-70.9663,-34.2057],[-70.9667,-34.2039],[-70.9667,-34.2007],[-70.9662,-34.1988],[-70.9659,-34.1926],[-70.9652,-34.1908],[-70.9642,-34.1846],[-70.9646,-34.1824],[-70.9657,-34.1792],[-70.9658,-34.1761],[-70.9688,-34.172],[-70.9664,-34.1698],[-70.9581,-34.1644],[-70.9547,-34.1643],[-70.9495,-34.1627],[-70.9434,-34.1597],[-70.9389,-34.1566],[-70.9338,-34.1515],[-70.9306,-34.1504],[-70.929,-34.1494],[-70.9238,-34.1475],[-70.9219,-34.1467],[-70.9192,-34.1461],[-70.9183,-34.1459],[-70.9175,-34.1457],[-70.9167,-34.1455],[-70.9149,-34.1444],[-70.9143,-34.1447],[-70.9127,-34.1465],[-70.9118,-34.1484],[-70.9086,-34.1498],[-70.906,-34.1524],[-70.9028,-34.153],[-70.8993,-34.1531],[-70.8958,-34.1539],[-70.8921,-34.1564],[-70.8876,-34.1572],[-70.8855,-34.1599],[-70.88,-34.1637],[-70.8791,-34.1664],[-70.8769,-34.1692],[-70.876,-34.1713],[-70.8737,-34.1728],[-70.8704,-34.1775],[-70.8683,-34.1796],[-70.8653,-34.1812],[-70.8629,-34.1835],[-70.8599,-34.1849],[-70.8593,-34.1866],[-70.8511,-34.19],[-70.8497,-34.1914],[-70.8471,-34.1918],[-70.8455,-34.1913],[-70.8428,-34.1916]]]},"properties":{"Comuna":"Doñihue","Provincia":"Cachapoal","cod_comuna":6105}},{"type":"Feature","geometry":{"type":"Polygon","coordinates":[[[-70.8427,-34.1925],[-70.8422,-34.1923],[-70.8387,-34.1909],[-70.828,-34.1889],[-70.8248,-34.1885],[-70.8152,-34.1886],[-70.8123,-34.19],[-70.7997,-34.1913],[-70.7944,-34.1912],[-70.7892,-34.1897],[-70.7845,-34.1891],[-70.7828,-34.1885],[-70.7809,-34.1887],[-70.7775,-34.1908],[-70.7733,-34.1899],[-70.7662,-34.1906],[-70.7631,-34.1916],[-70.7603,-34.1911],[-70.7556,-34.1932],[-70.7546,-34.1932],[-70.7535,-34.1949],[-70.7509,-34.1962],[-70.7494,-34.1981],[-70.7457,-34.1991],[-70.7423,-34.1987],[-70.741,-34.1991],[-70.7403,-34.201],[-70.7378,-34.2027],[-70.7346,-34.2039],[-70.7329,-34.2059],[-70.7325,-34.2092],[-70.7299,-34.2118],[-70.7321,-34.2116],[-70.7337,-34.2097],[-70.738,-34.2091],[-70.7398,-34.2093],[-70.75,-34.2127],[-70.7541,-34.2139],[-70.7578,-34.2137],[-70.7596,-34.2141],[-70.7648,-34.2144],[-70.7694,-34.2163],[-70.7726,-34.2166],[-70.7772,-34.2156],[-70.7797,-34.2164],[-70.7831,-34.2187],[-70.792,-34.2196],[-70.7969,-34.2206],[-70.8001,-34.2217],[-70.8017,-34.2214],[-70.802,-34.2204],[-70.8041,-34.22],[-70.8082,-34.2215],[-70.8105,-34.2219],[-70.8137,-34.2243],[-70.8204,-34.2233],[-70.824,-34.2235],[-70.8272,-34.224],[-70.8315,-34.2262],[-70.8377,-34.2272],[-70.8389,-34.2278],[-70.8447,-34.2281],[-70.8505,-34.2319],[-70.8537,-34.2317],[-70.8574,-34.2326],[-70.8602,-34.2342],[-70.8626,-34.2345],[-70.8657,-34.2361],[-70.8669,-34.2362],[-70.8687,-34.2378],[-70.8706,-34.2387],[-70.8737,-34.2384],[-70.8752,-34.2405],[-70.8767,-34.2415],[-70.8794,-34.2423],[-70.8833,-34.2429],[-70.8853,-34.2423],[-70.8905,-34.2421],[-70.8946,-34.2402],[-70.8986,-34.2376],[-70.9006,-34.2376],[-70.8993,-34.2358],[-70.8987,-34.2271],[-70.8976,-34.2225],[-70.897,-34.2179],[-70.8946,-34.2189],[-70.8921,-34.2192],[-70.8861,-34.2191],[-70.8836,-34.2187],[-70.8818,-34.2169],[-70.8773,-34.2168],[-70.8755,-34.2156],[-70.8727,-34.2144],[-70.8679,-34.2136],[-70.8648,-34.215],[-70.8601,-34.2107],[-70.8562,-34.2093],[-70.8552,-34.2076],[-70.8542,-34.2072],[-70.8543,-34.2044],[-70.8532,-34.2008],[-70.8496,-34.1979],[-70.8483,-34.1963],[-70.845,-34.1933],[-70.8427,-34.1925]]]},"properties":{"Comuna":"Olivar","Provincia":"Cachapoal","cod_comuna":6111}},{"type":"Feature","geometry":{"type":"Polygon","coordinates":[[[-70.9309,-34.3562],[-70.9308,-34.3558],[-70.9309,-34.3552],[-70.9307,-34.353],[-70.9297,-34.3493],[-70.9297,-34.348],[-70.9346,-34.3448],[-70.9441,-34.3395],[-70.9444,-34.3387],[-70.9428,-34.3361],[-70.9426,-34.3343],[-70.9432,-34.3327],[-70.9471,-34.3303],[-70.948,-34.3275],[-70.9472,-34.3257],[-70.9476,-34.3239],[-70.9478,-34.32],[-70.9508,-34.3141],[-70.9492,-34.3129],[-70.9453,-34.312],[-70.9425,-34.3106],[-70.9414,-34.3092],[-70.9411,-34.3061],[-70.942,-34.3044],[-70.9421,-34.3013],[-70.9428,-34.2979],[-70.9438,-34.2958],[-70.9441,-34.2939],[-70.9432,-34.2927],[-70.9399,-34.2916],[-70.9367,-34.2892],[-70.9345,-34.2886],[-70.9337,-34.2877],[-70.9335,-34.2844],[-70.9338,-34.2827],[-70.9334,-34.2797],[-70.9323,-34.2794],[-70.9302,-34.2806],[-70.9262,-34.284],[-70.9243,-34.2848],[-70.9234,-34.2858],[-70.9213,-34.2862],[-70.9203,-34.288],[-70.9189,-34.289],[-70.915,-34.2898],[-70.9134,-34.2891],[-70.9055,-34.2908],[-70.9033,-34.2906],[-70.9006,-34.2915],[-70.8807,-34.297],[-70.8714,-34.2994],[-70.8657,-34.3012],[-70.8425,-34.3073],[-70.8396,-34.3087],[-70.8382,-34.3084],[-70.8267,-34.3115],[-70.8285,-34.3179],[-70.8306,-34.3237],[-70.8312,-34.3261],[-70.8344,-34.3348],[-70.8306,-34.3359],[-70.8228,-34.3374],[-70.8094,-34.3403],[-70.8116,-34.3432],[-70.8114,-34.3449],[-70.8104,-34.3453],[-70.8063,-34.3452],[-70.8034,-34.346],[-70.8018,-34.3443],[-70.7956,-34.3425],[-70.7928,-34.3446],[-70.7911,-34.345],[-70.7903,-34.3461],[-70.7877,-34.348],[-70.7798,-34.3506],[-70.7793,-34.3518],[-70.7769,-34.3526],[-70.7738,-34.3529],[-70.7735,-34.3583],[-70.7677,-34.3645],[-70.7675,-34.3673],[-70.7648,-34.3695],[-70.7644,-34.3714],[-70.7635,-34.3721],[-70.7634,-34.3738],[-70.7556,-34.3754],[-70.7548,-34.378],[-70.753,-34.3782],[-70.752,-34.3798],[-70.7503,-34.381],[-70.7461,-34.3825],[-70.7417,-34.3832],[-70.7384,-34.3853],[-70.7365,-34.3869],[-70.7351,-34.3889],[-70.7334,-34.3893],[-70.7294,-34.3873],[-70.7248,-34.3847],[-70.7211,-34.3849],[-70.72,-34.3853],[-70.7179,-34.388],[-70.7178,-34.3897],[-70.7141,-34.3923],[-70.713,-34.3925],[-70.7097,-34.3918],[-70.7072,-34.3942],[-70.7055,-34.3972],[-70.7028,-34.3978],[-70.7021,-34.3987],[-70.7022,-34.4015],[-70.7015,-34.4038],[-70.7004,-34.4049],[-70.6965,-34.4053],[-70.6932,-34.4049],[-70.6885,-34.4031],[-70.6874,-34.4017],[-70.6855,-34.4007],[-70.6802,-34.4015],[-70.6764,-34.4025],[-70.6724,-34.4028],[-70.6703,-34.4035],[-70.6684,-34.4048],[-70.6681,-34.4066],[-70.6681,-34.41],[-70.6665,-34.4127],[-70.6678,-34.4161],[-70.6715,-34.421],[-70.6719,-34.4226],[-70.6712,-34.4252],[-70.6696,-34.4277],[-70.6679,-34.4292],[-70.6663,-34.4319],[-70.6644,-34.4369],[-70.6655,-34.4392],[-70.6682,-34.4412],[-70.672,-34.4427],[-70.6742,-34.4446],[-70.6718,-34.4496],[-70.6719,-34.4512],[-70.6753,-34.4523],[-70.6756,-34.454],[-70.6717,-34.4571],[-70.6705,-34.459],[-70.6705,-34.4613],[-70.669,-34.4626],[-70.6658,-34.4633],[-70.6619,-34.4636],[-70.6584,-34.463],[-70.6536,-34.4611],[-70.6509,-34.4596],[-70.6484,-34.4593],[-70.6448,-34.4569],[-70.6432,-34.4549],[-70.6413,-34.4532],[-70.6368,-34.4484],[-70.635,-34.4474],[-70.6331,-34.4478],[-70.63,-34.4518],[-70.6267,-34.4525],[-70.6242,-34.4521],[-70.6211,-34.4502],[-70.6198,-34.449],[-70.6178,-34.4485],[-70.614,-34.4489],[-70.6115,-34.4496],[-70.6082,-34.4511],[-70.604,-34.4523],[-70.5956,-34.4532],[-70.5905,-34.4517],[-70.5875,-34.4518],[-70.5827,-34.453],[-70.5812,-34.4542],[-70.5804,-34.4566],[-70.581,-34.4601],[-70.5807,-34.4623],[-70.5814,-34.4636],[-70.5819,-34.4675],[-70.5816,-34.4698],[-70.5777,-34.4733],[-70.5756,-34.476],[-70.5746,-34.4792],[-70.5746,-34.482],[-70.5734,-34.4848],[-70.5678,-34.4924],[-70.5658,-34.494],[-70.5618,-34.4958],[-70.5598,-34.4977],[-70.5571,-34.4971],[-70.5554,-34.496],[-70.55,-34.4949],[-70.5462,-34.4932],[-70.5451,-34.4921],[-70.5416,-34.4907],[-70.5375,-34.4886],[-70.534,-34.4887],[-70.5309,-34.4898],[-70.5292,-34.4926],[-70.5267,-34.4943],[-70.5235,-34.4973],[-70.5215,-34.4977],[-70.5163,-34.4962],[-70.5137,-34.4936],[-70.5111,-34.4927],[-70.509,-34.4929],[-70.5055,-34.4917],[-70.4979,-34.492],[-70.4954,-34.4917],[-70.4922,-34.4922],[-70.488,-34.4959],[-70.4857,-34.4975],[-70.4829,-34.5022],[-70.4839,-34.5045],[-70.4835,-34.5052],[-70.4809,-34.5061],[-70.4801,-34.5099],[-70.4811,-34.5114],[-70.4813,-34.5142],[-70.4809,-34.5163],[-70.4844,-34.5201],[-70.4852,-34.5239],[-70.4847,-34.5254],[-70.4857,-34.53],[-70.4839,-34.5314],[-70.4836,-34.533],[-70.4852,-34.5375],[-70.485,-34.5399],[-70.4857,-34.5434],[-70.4878,-34.5471],[-70.4898,-34.5489],[-70.4907,-34.554],[-70.4894,-34.5556],[-70.4882,-34.5617],[-70.4886,-34.5639],[-70.4876,-34.5664],[-70.486,-34.5676],[-70.4835,-34.5682],[-70.4754,-34.5675],[-70.4703,-34.5699],[-70.469,-34.5719],[-70.4683,-34.5763],[-70.4689,-34.5786],[-70.4689,-34.5824],[-70.4697,-34.5858],[-70.4694,-34.5874],[-70.468,-34.5898],[-70.4715,-34.5951],[-70.4719,-34.5978],[-70.4731,-34.5999],[-70.4767,-34.6012],[-70.4816,-34.6047],[-70.4836,-34.607],[-70.4859,-34.6061],[-70.4895,-34.603],[-70.4915,-34.6004],[-70.4943,-34.5977],[-70.4973,-34.5967],[-70.5024,-34.5974],[-70.5111,-34.5965],[-70.5133,-34.5968],[-70.5149,-34.5984],[-70.5175,-34.6028],[-70.5191,-34.604],[-70.5207,-34.6062],[-70.522,-34.6087],[-70.5238,-34.6083],[-70.5271,-34.606],[-70.5299,-34.6046],[-70.5364,-34.6028],[-70.5386,-34.6012],[-70.5401,-34.5992],[-70.5417,-34.598],[-70.5455,-34.5965],[-70.5482,-34.5963],[-70.5499,-34.5946],[-70.5505,-34.593],[-70.5532,-34.5888],[-70.5561,-34.5866],[-70.5581,-34.5859],[-70.5599,-34.5845],[-70.5602,-34.5835],[-70.5625,-34.583],[-70.5661,-34.5813],[-70.5709,-34.5812],[-70.5727,-34.5801],[-70.5742,-34.578],[-70.5768,-34.577],[-70.5827,-34.5766],[-70.5857,-34.5775],[-70.5905,-34.5771],[-70.595,-34.5784],[-70.5981,-34.5784],[-70.6018,-34.5813],[-70.6057,-34.5827],[-70.6102,-34.5838],[-70.6137,-34.5843],[-70.6164,-34.5842],[-70.6186,-34.5854],[-70.621,-34.5856],[-70.6239,-34.585],[-70.6253,-34.5854],[-70.6273,-34.5892],[-70.6277,-34.591],[-70.6267,-34.595],[-70.6309,-34.5941],[-70.6355,-34.5918],[-70.6421,-34.5916],[-70.6436,-34.592],[-70.645,-34.5911],[-70.644,-34.5895],[-70.6438,-34.5862],[-70.6424,-34.5838],[-70.6427,-34.5802],[-70.6408,-34.5769],[-70.6408,-34.5756],[-70.6421,-34.5735],[-70.645,-34.5676],[-70.6447,-34.5641],[-70.6451,-34.5615],[-70.6467,-34.559],[-70.6493,-34.5584],[-70.6548,-34.5536],[-70.6563,-34.552],[-70.6568,-34.55],[-70.6607,-34.5483],[-70.6682,-34.5477],[-70.6745,-34.5465],[-70.6824,-34.5498],[-70.6854,-34.5502],[-70.6876,-34.551],[-70.6904,-34.5513],[-70.695,-34.5505],[-70.7007,-34.5527],[-70.7037,-34.5544],[-70.7044,-34.5542],[-70.7089,-34.5502],[-70.707,-34.5464],[-70.7094,-34.5419],[-70.7083,-34.5383],[-70.7086,-34.5375],[-70.7122,-34.5356],[-70.7145,-34.5351],[-70.718,-34.5354],[-70.7204,-34.5334],[-70.7213,-34.5307],[-70.7199,-34.5281],[-70.7204,-34.5233],[-70.7241,-34.5187],[-70.7267,-34.5166],[-70.7313,-34.5184],[-70.7338,-34.5186],[-70.7371,-34.5181],[-70.7426,-34.5179],[-70.7444,-34.5175],[-70.7477,-34.5161],[-70.7514,-34.5158],[-70.7526,-34.5146],[-70.7548,-34.5137],[-70.7579,-34.5111],[-70.7618,-34.5092],[-70.7627,-34.5083],[-70.7624,-34.5058],[-70.7645,-34.5019],[-70.7706,-34.4991],[-70.7716,-34.4976],[-70.7742,-34.4961],[-70.7767,-34.4955],[-70.7782,-34.4934],[-70.7812,-34.4929],[-70.7833,-34.4914],[-70.7846,-34.4895],[-70.7892,-34.485],[-70.7927,-34.4835],[-70.7937,-34.4803],[-70.7956,-34.4779],[-70.797,-34.4771],[-70.7997,-34.4744],[-70.8025,-34.4729],[-70.8059,-34.4692],[-70.8072,-34.4649],[-70.8095,-34.4633],[-70.8117,-34.4628],[-70.8146,-34.4581],[-70.8175,-34.4562],[-70.8192,-34.4563],[-70.8215,-34.4572],[-70.8233,-34.457],[-70.8275,-34.4545],[-70.8295,-34.4524],[-70.8313,-34.4498],[-70.8336,-34.4487],[-70.8401,-34.4488],[-70.8425,-34.4473],[-70.8456,-34.447],[-70.8543,-34.4423],[-70.8574,-34.4418],[-70.8594,-34.44],[-70.8624,-34.4397],[-70.8627,-34.4391],[-70.8621,-34.4364],[-70.8628,-34.4352],[-70.8664,-34.4344],[-70.8671,-34.4338],[-70.8681,-34.431],[-70.8716,-34.4291],[-70.8751,-34.4295],[-70.8759,-34.4304],[-70.879,-34.4291],[-70.8842,-34.4307],[-70.8871,-34.4326],[-70.8884,-34.4318],[-70.8888,-34.4297],[-70.8931,-34.4287],[-70.8956,-34.4275],[-70.9007,-34.4281],[-70.9041,-34.4277],[-70.9061,-34.4286],[-70.9044,-34.4248],[-70.904,-34.4198],[-70.9034,-34.4164],[-70.9039,-34.4138],[-70.9071,-34.4122],[-70.9086,-34.4105],[-70.906,-34.4104],[-70.9056,-34.4097],[-70.9021,-34.4078],[-70.8985,-34.404],[-70.9075,-34.4042],[-70.9064,-34.396],[-70.9071,-34.3951],[-70.9099,-34.3948],[-70.9116,-34.3969],[-70.9137,-34.3989],[-70.9154,-34.3995],[-70.9174,-34.3988],[-70.9225,-34.4004],[-70.925,-34.4015],[-70.9289,-34.4016],[-70.9315,-34.4023],[-70.935,-34.4025],[-70.937,-34.4017],[-70.9377,-34.3999],[-70.9398,-34.3996],[-70.9413,-34.4006],[-70.9442,-34.4],[-70.9459,-34.4003],[-70.949,-34.3997],[-70.9502,-34.4002],[-70.9538,-34.3984],[-70.957,-34.4],[-70.9593,-34.3951],[-70.9583,-34.3933],[-70.9584,-34.3886],[-70.9527,-34.3857],[-70.9466,-34.3833],[-70.9433,-34.3815],[-70.9411,-34.3797],[-70.941,-34.378],[-70.9399,-34.3766],[-70.9377,-34.3763],[-70.9345,-34.3745],[-70.9316,-34.3737],[-70.9287,-34.3641],[-70.9319,-34.3633],[-70.9342,-34.3601],[-70.9309,-34.3562]]]},"properties":{"Comuna":"Rengo","Provincia":"Cachapoal","cod_comuna":6115}},{"type":"Feature","geometry":{"type":"Polygon","coordinates":[[[-71.3709,-34.6091],[-71.3708,-34.6096],[-71.3702,-34.6107],[-71.3675,-34.6121],[-71.3667,-34.6134],[-71.367,-34.6163],[-71.365,-34.6197],[-71.3625,-34.6212],[-71.3563,-34.6179],[-71.3547,-34.6168],[-71.347,-34.6137],[-71.3471,-34.6133],[-71.3403,-34.6112],[-71.3315,-34.6081],[-71.3203,-34.6037],[-71.3193,-34.6017],[-71.3186,-34.5961],[-71.3196,-34.5944],[-71.32,-34.5908],[-71.3166,-34.5898],[-71.3136,-34.5897],[-71.3099,-34.5889],[-71.3055,-34.5871],[-71.3019,-34.5854],[-71.2986,-34.5853],[-71.2976,-34.5843],[-71.2894,-34.5839],[-71.2874,-34.5833],[-71.2829,-34.5833],[-71.2794,-34.5826],[-71.2758,-34.5812],[-71.2714,-34.5814],[-71.2659,-34.5802],[-71.2644,-34.5827],[-71.2617,-34.5845],[-71.258,-34.5847],[-71.2572,-34.5843],[-71.2539,-34.5848],[-71.2503,-34.5827],[-71.2501,-34.5811],[-71.2485,-34.5792],[-71.2466,-34.578],[-71.2432,-34.5772],[-71.2419,-34.5772],[-71.2376,-34.5787],[-71.2327,-34.5817],[-71.2298,-34.5821],[-71.2275,-34.5832],[-71.2258,-34.5852],[-71.2239,-34.5863],[-71.2242,-34.5891],[-71.2219,-34.5908],[-71.2204,-34.5928],[-71.2184,-34.5945],[-71.2161,-34.5955],[-71.2154,-34.5985],[-71.2161,-34.6006],[-71.2124,-34.6039],[-71.2122,-34.6056],[-71.2131,-34.6088],[-71.211,-34.6102],[-71.2109,-34.6114],[-71.2081,-34.6142],[-71.2071,-34.6174],[-71.2049,-34.6191],[-71.2055,-34.6221],[-71.2108,-34.627],[-71.2212,-34.6307],[-71.2237,-34.6307],[-71.2269,-34.6331],[-71.2272,-34.6343],[-71.2303,-34.6354],[-71.2317,-34.6355],[-71.2341,-34.6369],[-71.236,-34.6395],[-71.2383,-34.6446],[-71.2433,-34.6456],[-71.2445,-34.6473],[-71.2465,-34.6438],[-71.2475,-34.643],[-71.2498,-34.643],[-71.2516,-34.6423],[-71.2552,-34.6388],[-71.2566,-34.6384],[-71.2593,-34.6397],[-71.2611,-34.6394],[-71.2637,-34.6378],[-71.266,-34.6378],[-71.2673,-34.6367],[-71.2692,-34.6368],[-71.2709,-34.638],[-71.2732,-34.6367],[-71.2773,-34.6354],[-71.2796,-34.6353],[-71.2823,-34.6345],[-71.2842,-34.6328],[-71.2853,-34.6294],[-71.2875,-34.6284],[-71.2981,-34.6379],[-71.305,-34.6446],[-71.3015,-34.6466],[-71.3174,-34.6555],[-71.3175,-34.659],[-71.317,-34.6601],[-71.3132,-34.6611],[-71.3088,-34.6611],[-71.3048,-34.6587],[-71.3022,-34.658],[-71.2995,-34.6589],[-71.2966,-34.658],[-71.293,-34.6596],[-71.2895,-34.6599],[-71.2873,-34.6612],[-71.2859,-34.6635],[-71.2863,-34.6646],[-71.2854,-34.6674],[-71.2826,-34.6683],[-71.2794,-34.6699],[-71.2768,-34.6701],[-71.2754,-34.671],[-71.2751,-34.6712],[-71.275,-34.6712],[-71.2745,-34.6715],[-71.278,-34.6747],[-71.279,-34.674],[-71.2806,-34.6762],[-71.2803,-34.6767],[-71.2765,-34.6787],[-71.2752,-34.6807],[-71.2754,-34.6816],[-71.2771,-34.6828],[-71.276,-34.6845],[-71.2728,-34.6861],[-71.2787,-34.6903],[-71.2812,-34.6923],[-71.2823,-34.6916],[-71.2838,-34.6939],[-71.2839,-34.697],[-71.2844,-34.6986],[-71.2908,-34.6996],[-71.2938,-34.6995],[-71.2958,-34.7006],[-71.2979,-34.7042],[-71.3003,-34.7076],[-71.3016,-34.7084],[-71.3034,-34.7083],[-71.3049,-34.709],[-71.3062,-34.7079],[-71.3062,-34.7065],[-71.3072,-34.7041],[-71.3093,-34.7013],[-71.3127,-34.7059],[-71.3138,-34.7065],[-71.3191,-34.7079],[-71.3217,-34.7096],[-71.3243,-34.7104],[-71.3256,-34.7101],[-71.33,-34.7121],[-71.3321,-34.7139],[-71.3317,-34.7161],[-71.3401,-34.7189],[-71.35,-34.7159],[-71.3515,-34.7183],[-71.3564,-34.7222],[-71.3595,-34.724],[-71.3618,-34.7247],[-71.366,-34.7249],[-71.3706,-34.7266],[-71.3717,-34.7266],[-71.3748,-34.7301],[-71.3751,-34.7329],[-71.3768,-34.7343],[-71.3774,-34.7366],[-71.3787,-34.7385],[-71.3803,-34.7419],[-71.3823,-34.745],[-71.3822,-34.7458],[-71.3841,-34.7467],[-71.3886,-34.7475],[-71.391,-34.7446],[-71.3896,-34.7418],[-71.3916,-34.7396],[-71.3955,-34.7404],[-71.3975,-34.7402],[-71.3996,-34.7377],[-71.4036,-34.7355],[-71.404,-34.7328],[-71.4065,-34.7328],[-71.4125,-34.732],[-71.4168,-34.7328],[-71.4194,-34.7322],[-71.4221,-34.7329],[-71.424,-34.7341],[-71.4238,-34.7377],[-71.4248,-34.7384],[-71.4246,-34.7398],[-71.4233,-34.742],[-71.4255,-34.7448],[-71.4269,-34.7489],[-71.4311,-34.7536],[-71.4324,-34.7562],[-71.4345,-34.7547],[-71.4375,-34.7538],[-71.4387,-34.7541],[-71.4442,-34.7501],[-71.4489,-34.749],[-71.4519,-34.7476],[-71.4536,-34.7481],[-71.4554,-34.7474],[-71.4572,-34.745],[-71.461,-34.7445],[-71.4631,-34.7434],[-71.4662,-34.7437],[-71.4699,-34.7431],[-71.4753,-34.7437],[-71.4776,-34.7436],[-71.4806,-34.7404],[-71.4822,-34.7376],[-71.4842,-34.7367],[-71.4877,-34.7341],[-71.4922,-34.7332],[-71.4945,-34.7334],[-71.4981,-34.732],[-71.4996,-34.7293],[-71.4998,-34.7253],[-71.499,-34.7225],[-71.4962,-34.7201],[-71.4936,-34.719],[-71.4884,-34.7164],[-71.4867,-34.715],[-71.4865,-34.7126],[-71.484,-34.7085],[-71.4851,-34.707],[-71.4851,-34.7044],[-71.486,-34.7025],[-71.4877,-34.701],[-71.4902,-34.7005],[-71.4911,-34.6979],[-71.4936,-34.6965],[-71.493,-34.6945],[-71.4934,-34.6926],[-71.4944,-34.6919],[-71.4948,-34.6896],[-71.4919,-34.687],[-71.4909,-34.6852],[-71.4911,-34.6839],[-71.4938,-34.6817],[-71.494,-34.6808],[-71.4917,-34.6779],[-71.494,-34.6756],[-71.4938,-34.6748],[-71.4954,-34.672],[-71.4991,-34.6739],[-71.5011,-34.6729],[-71.5021,-34.6732],[-71.504,-34.6712],[-71.5039,-34.6701],[-71.5021,-34.668],[-71.5011,-34.6633],[-71.4999,-34.6616],[-71.4997,-34.6602],[-71.5018,-34.6567],[-71.5025,-34.6523],[-71.5009,-34.6505],[-71.5,-34.6459],[-71.5007,-34.6438],[-71.5001,-34.6428],[-71.5013,-34.6405],[-71.5055,-34.6383],[-71.5056,-34.6361],[-71.5065,-34.6339],[-71.5091,-34.6321],[-71.5125,-34.632],[-71.514,-34.6334],[-71.5176,-34.6342],[-71.5188,-34.635],[-71.5234,-34.6369],[-71.5251,-34.6363],[-71.5282,-34.6365],[-71.5305,-34.6354],[-71.5344,-34.6356],[-71.5363,-34.637],[-71.5382,-34.6393],[-71.5405,-34.6395],[-71.5442,-34.6372],[-71.5448,-34.6344],[-71.5445,-34.6333],[-71.5425,-34.6315],[-71.5424,-34.6254],[-71.542,-34.6227],[-71.5427,-34.6195],[-71.5436,-34.6176],[-71.5444,-34.6131],[-71.5442,-34.6094],[-71.5447,-34.6067],[-71.5456,-34.606],[-71.5467,-34.6032],[-71.544,-34.6002],[-71.5434,-34.5974],[-71.542,-34.5967],[-71.5415,-34.5954],[-71.5432,-34.5933],[-71.5416,-34.5888],[-71.5405,-34.5828],[-71.5375,-34.58],[-71.5377,-34.5783],[-71.5371,-34.5756],[-71.5353,-34.5714],[-71.5353,-34.5696],[-71.5336,-34.5642],[-71.5319,-34.5628],[-71.5315,-34.5617],[-71.531,-34.5603],[-71.5295,-34.559],[-71.5289,-34.5576],[-71.5249,-34.5576],[-71.5232,-34.5567],[-71.5208,-34.5511],[-71.5185,-34.5477],[-71.5177,-34.5458],[-71.5175,-34.5424],[-71.517,-34.5392],[-71.5128,-34.5386],[-71.5074,-34.5341],[-71.504,-34.5332],[-71.5028,-34.5314],[-71.4996,-34.5316],[-71.4936,-34.5304],[-71.491,-34.5279],[-71.4875,-34.5293],[-71.4862,-34.5302],[-71.4847,-34.5322],[-71.4823,-34.5334],[-71.4811,-34.5342],[-71.4779,-34.5352],[-71.475,-34.5378],[-71.4734,-34.5372],[-71.4714,-34.5376],[-71.4705,-34.5391],[-71.4668,-34.5408],[-71.4618,-34.5459],[-71.4585,-34.5467],[-71.4562,-34.5485],[-71.4546,-34.5489],[-71.45,-34.5524],[-71.4479,-34.5546],[-71.4471,-34.5565],[-71.4459,-34.5572],[-71.443,-34.5562],[-71.4401,-34.5559],[-71.4362,-34.5544],[-71.4335,-34.5558],[-71.4318,-34.5576],[-71.4287,-34.5579],[-71.4278,-34.5611],[-71.4277,-34.5637],[-71.4245,-34.5663],[-71.4225,-34.567],[-71.4193,-34.5671],[-71.4154,-34.565],[-71.4164,-34.5681],[-71.4179,-34.5689],[-71.4186,-34.5731],[-71.4209,-34.5769],[-71.423,-34.5783],[-71.424,-34.5809],[-71.4235,-34.5858],[-71.4211,-34.5868],[-71.4194,-34.5884],[-71.4175,-34.5937],[-71.4138,-34.5945],[-71.4133,-34.5954],[-71.41,-34.5974],[-71.4078,-34.5992],[-71.3948,-34.6024],[-71.3933,-34.6073],[-71.3744,-34.6042],[-71.3733,-34.6065],[-71.3709,-34.6091]]]},"properties":{"Comuna":"Santa Cruz","Provincia":"Colchagua","cod_comuna":6310}},{"type":"Feature","geometry":{"type":"Polygon","coordinates":[[[-71.2556,-34.4854],[-71.2555,-34.4862],[-71.2533,-34.4874],[-71.2523,-34.4888],[-71.2518,-34.4931],[-71.2523,-34.4953],[-71.2541,-34.4977],[-71.2579,-34.5012],[-71.2584,-34.5033],[-71.2609,-34.5067],[-71.2613,-34.509],[-71.2605,-34.5128],[-71.2613,-34.5159],[-71.2603,-34.5167],[-71.2599,-34.5198],[-71.2586,-34.5217],[-71.2611,-34.5242],[-71.2671,-34.525],[-71.2703,-34.5292],[-71.2736,-34.5303],[-71.2764,-34.5348],[-71.277,-34.5371],[-71.2784,-34.5397],[-71.2803,-34.5405],[-71.2835,-34.5431],[-71.2851,-34.5455],[-71.2883,-34.547],[-71.2895,-34.5484],[-71.2907,-34.5519],[-71.2928,-34.554],[-71.2916,-34.5561],[-71.2895,-34.5567],[-71.284,-34.5597],[-71.2811,-34.5605],[-71.2791,-34.5617],[-71.2765,-34.5646],[-71.2724,-34.5665],[-71.2719,-34.5672],[-71.271,-34.5738],[-71.2688,-34.576],[-71.2659,-34.5802],[-71.2714,-34.5814],[-71.2758,-34.5812],[-71.2794,-34.5826],[-71.2829,-34.5833],[-71.2874,-34.5833],[-71.2894,-34.5839],[-71.2976,-34.5843],[-71.2986,-34.5853],[-71.3019,-34.5854],[-71.3055,-34.5871],[-71.3099,-34.5889],[-71.3136,-34.5897],[-71.3166,-34.5898],[-71.32,-34.5908],[-71.3196,-34.5944],[-71.3186,-34.5961],[-71.3193,-34.6017],[-71.3203,-34.6037],[-71.3315,-34.6081],[-71.3403,-34.6112],[-71.3471,-34.6133],[-71.347,-34.6137],[-71.3547,-34.6168],[-71.3563,-34.6179],[-71.3625,-34.6212],[-71.365,-34.6197],[-71.367,-34.6163],[-71.3667,-34.6134],[-71.3675,-34.6121],[-71.3702,-34.6107],[-71.3708,-34.6096],[-71.3709,-34.6091],[-71.3733,-34.6065],[-71.3744,-34.6042],[-71.3933,-34.6073],[-71.3948,-34.6024],[-71.4078,-34.5992],[-71.41,-34.5974],[-71.4133,-34.5954],[-71.4138,-34.5945],[-71.4175,-34.5937],[-71.4194,-34.5884],[-71.4211,-34.5868],[-71.4235,-34.5858],[-71.424,-34.5809],[-71.423,-34.5783],[-71.4209,-34.5769],[-71.4186,-34.5731],[-71.4179,-34.5689],[-71.4164,-34.5681],[-71.4154,-34.565],[-71.4193,-34.5671],[-71.4225,-34.567],[-71.4245,-34.5663],[-71.4277,-34.5637],[-71.4278,-34.5611],[-71.4287,-34.5579],[-71.4318,-34.5576],[-71.4335,-34.5558],[-71.4362,-34.5544],[-71.4401,-34.5559],[-71.443,-34.5562],[-71.4459,-34.5572],[-71.4471,-34.5565],[-71.4479,-34.5546],[-71.45,-34.5524],[-71.4546,-34.5489],[-71.4562,-34.5485],[-71.4585,-34.5467],[-71.4618,-34.5459],[-71.4668,-34.5408],[-71.4705,-34.5391],[-71.4714,-34.5376],[-71.4734,-34.5372],[-71.475,-34.5378],[-71.4779,-34.5352],[-71.4811,-34.5342],[-71.4823,-34.5334],[-71.4752,-34.5324],[-71.4711,-34.531],[-71.4619,-34.5263],[-71.4626,-34.5252],[-71.4651,-34.5233],[-71.4673,-34.5225],[-71.4711,-34.5182],[-71.4719,-34.5148],[-71.4547,-34.5134],[-71.4522,-34.5152],[-71.4488,-34.5163],[-71.4501,-34.5131],[-71.4379,-34.5121],[-71.4338,-34.5114],[-71.4155,-34.5075],[-71.4171,-34.506],[-71.4118,-34.5043],[-71.4124,-34.5024],[-71.4112,-34.5009],[-71.4132,-34.4964],[-71.4113,-34.4948],[-71.4123,-34.4926],[-71.413,-34.4886],[-71.4149,-34.4861],[-71.4145,-34.4852],[-71.4095,-34.4847],[-71.3857,-34.4842],[-71.3743,-34.4838],[-71.3742,-34.4802],[-71.3735,-34.4775],[-71.3738,-34.4762],[-71.3754,-34.4736],[-71.3757,-34.4716],[-71.3778,-34.4686],[-71.3781,-34.4666],[-71.3757,-34.4632],[-71.3758,-34.4599],[-71.3782,-34.4571],[-71.3778,-34.4554],[-71.3781,-34.4523],[-71.3821,-34.4465],[-71.3827,-34.444],[-71.3856,-34.4407],[-71.3863,-34.4405],[-71.3879,-34.4378],[-71.3899,-34.4361],[-71.392,-34.4325],[-71.3924,-34.4305],[-71.3917,-34.4279],[-71.3879,-34.4315],[-71.3868,-34.4334],[-71.3849,-34.4339],[-71.3808,-34.4312],[-71.3791,-34.4309],[-71.3786,-34.4325],[-71.3754,-34.4349],[-71.3743,-34.4342],[-71.3724,-34.4312],[-71.3715,-34.4307],[-71.3666,-34.4324],[-71.3653,-34.4322],[-71.3637,-34.4337],[-71.364,-34.4352],[-71.3627,-34.4363],[-71.3592,-34.4372],[-71.3587,-34.4391],[-71.3558,-34.4402],[-71.354,-34.4376],[-71.3504,-34.4384],[-71.3492,-34.4401],[-71.3466,-34.4392],[-71.3456,-34.4382],[-71.3454,-34.4367],[-71.3425,-34.4382],[-71.3397,-34.4369],[-71.3388,-34.4375],[-71.3325,-34.4429],[-71.3184,-34.4538],[-71.3158,-34.4559],[-71.3142,-34.4565],[-71.3123,-34.4587],[-71.3079,-34.4597],[-71.3041,-34.4631],[-71.3014,-34.4637],[-71.2978,-34.4649],[-71.2943,-34.4652],[-71.2926,-34.4662],[-71.2879,-34.468],[-71.2859,-34.4684],[-71.2831,-34.4696],[-71.2812,-34.47],[-71.2765,-34.4717],[-71.2753,-34.4729],[-71.2725,-34.4736],[-71.2702,-34.4733],[-71.2671,-34.4721],[-71.2647,-34.472],[-71.2622,-34.4748],[-71.2604,-34.4754],[-71.2572,-34.4794],[-71.2573,-34.4824],[-71.2556,-34.4854]]]},"properties":{"Comuna":"Palmilla","Provincia":"Colchagua","cod_comuna":6306}},{"type":"Feature","geometry":{"type":"Polygon","coordinates":[[[-70.9309,-34.3552],[-70.9308,-34.3558],[-70.9309,-34.3562],[-70.9342,-34.3601],[-70.9319,-34.3633],[-70.9287,-34.3641],[-70.9316,-34.3737],[-70.9345,-34.3745],[-70.9377,-34.3763],[-70.9399,-34.3766],[-70.941,-34.378],[-70.9411,-34.3797],[-70.9433,-34.3815],[-70.9466,-34.3833],[-70.9527,-34.3857],[-70.9584,-34.3886],[-70.9603,-34.3883],[-70.9649,-34.3902],[-70.9705,-34.393],[-70.9718,-34.3963],[-70.9761,-34.3987],[-70.9794,-34.3999],[-70.9815,-34.3998],[-70.9826,-34.399],[-70.9856,-34.3992],[-70.9869,-34.4018],[-70.9894,-34.4028],[-70.9934,-34.4026],[-70.9964,-34.4031],[-70.9986,-34.4027],[-70.9998,-34.4016],[-71.0012,-34.4015],[-71.002,-34.4026],[-71.0041,-34.402],[-71.0068,-34.4045],[-71.009,-34.4046],[-71.0108,-34.4055],[-71.0118,-34.4047],[-71.013,-34.4024],[-71.0147,-34.4027],[-71.0171,-34.401],[-71.018,-34.3984],[-71.0165,-34.3971],[-71.0186,-34.3964],[-71.0191,-34.3953],[-71.0215,-34.396],[-71.0247,-34.3948],[-71.0254,-34.3931],[-71.023,-34.3904],[-71.0237,-34.3894],[-71.0279,-34.3896],[-71.0281,-34.3858],[-71.0277,-34.3839],[-71.0289,-34.383],[-71.0332,-34.3827],[-71.0364,-34.3835],[-71.04,-34.3829],[-71.0421,-34.384],[-71.0448,-34.3842],[-71.0461,-34.3826],[-71.0486,-34.3822],[-71.0501,-34.3812],[-71.0505,-34.3798],[-71.0517,-34.3795],[-71.0546,-34.381],[-71.0569,-34.3811],[-71.0594,-34.3802],[-71.0623,-34.3772],[-71.0641,-34.3765],[-71.0657,-34.3773],[-71.0684,-34.3752],[-71.0709,-34.3746],[-71.0724,-34.3749],[-71.0745,-34.3741],[-71.0708,-34.3709],[-71.069,-34.3699],[-71.0683,-34.3649],[-71.0677,-34.365],[-71.0671,-34.3598],[-71.0688,-34.3598],[-71.0673,-34.3572],[-71.0628,-34.3572],[-71.0629,-34.3502],[-71.062,-34.3485],[-71.0618,-34.3459],[-71.061,-34.3438],[-71.0617,-34.3419],[-71.0647,-34.3405],[-71.0667,-34.3378],[-71.0666,-34.3365],[-71.0682,-34.3355],[-71.0677,-34.3322],[-71.067,-34.3323],[-71.0646,-34.3297],[-71.0617,-34.3288],[-71.0607,-34.3273],[-71.0558,-34.326],[-71.0545,-34.327],[-71.0507,-34.325],[-71.0482,-34.3251],[-71.0466,-34.3245],[-71.044,-34.325],[-71.0405,-34.3246],[-71.0381,-34.3269],[-71.036,-34.328],[-71.0343,-34.3303],[-71.0307,-34.333],[-71.0283,-34.3334],[-71.0258,-34.3325],[-71.023,-34.3336],[-71.0216,-34.3346],[-71.0175,-34.3364],[-71.0139,-34.3371],[-71.0116,-34.3338],[-71.0101,-34.3321],[-71.0086,-34.3296],[-71.0062,-34.3288],[-71.0043,-34.3297],[-70.9996,-34.3269],[-70.9967,-34.3264],[-70.9911,-34.3269],[-70.9895,-34.3267],[-70.9849,-34.3278],[-70.9832,-34.3276],[-70.9822,-34.3249],[-70.9799,-34.3232],[-70.9775,-34.3219],[-70.9744,-34.3215],[-70.9706,-34.322],[-70.9689,-34.3215],[-70.968,-34.3199],[-70.9654,-34.3194],[-70.9615,-34.3178],[-70.9599,-34.3145],[-70.9591,-34.312],[-70.9563,-34.3101],[-70.9544,-34.3118],[-70.9508,-34.3141],[-70.9478,-34.32],[-70.9476,-34.3239],[-70.9472,-34.3257],[-70.948,-34.3275],[-70.9471,-34.3303],[-70.9432,-34.3327],[-70.9426,-34.3343],[-70.9428,-34.3361],[-70.9444,-34.3387],[-70.9441,-34.3395],[-70.9346,-34.3448],[-70.9297,-34.348],[-70.9297,-34.3493],[-70.9307,-34.353],[-70.9309,-34.3552]]]},"properties":{"Comuna":"Quinta de Tilcoco","Provincia":"Cachapoal","cod_comuna":6114}},{"type":"Feature","geometry":{"type":"Polygon","coordinates":[[[-70.2536,-34.7038],[-70.2564,-34.7011],[-70.2582,-34.6967],[-70.2622,-34.6952],[-70.2671,-34.6941],[-70.2681,-34.6933],[-70.2715,-34.6897],[-70.2731,-34.6888],[-70.2758,-34.6889],[-70.2779,-34.6882],[-70.2814,-34.686],[-70.2848,-34.6848],[-70.2853,-34.6816],[-70.2877,-34.6762],[-70.2899,-34.6723],[-70.2885,-34.6685],[-70.2887,-34.6662],[-70.29,-34.6653],[-70.2926,-34.665],[-70.2949,-34.6653],[-70.296,-34.6625],[-70.2989,-34.6597],[-70.3051,-34.6554],[-70.3041,-34.6519],[-70.3037,-34.6487],[-70.3028,-34.6461],[-70.303,-34.6451],[-70.3065,-34.6439],[-70.3118,-34.643],[-70.3166,-34.6404],[-70.3209,-34.6375],[-70.3223,-34.6352],[-70.3264,-34.6325],[-70.3303,-34.6288],[-70.332,-34.6288],[-70.3362,-34.6264],[-70.3349,-34.6243],[-70.3352,-34.6227],[-70.3396,-34.6214],[-70.3417,-34.6213],[-70.3455,-34.6199],[-70.3475,-34.6206],[-70.3525,-34.6215],[-70.3556,-34.6226],[-70.3633,-34.6244],[-70.3686,-34.6243],[-70.3734,-34.6228],[-70.3754,-34.6212],[-70.3757,-34.6197],[-70.3754,-34.6172],[-70.3763,-34.615],[-70.378,-34.6124],[-70.3819,-34.6122],[-70.3833,-34.6111],[-70.3843,-34.608],[-70.388,-34.6042],[-70.3949,-34.6006],[-70.3976,-34.6001],[-70.4003,-34.602],[-70.4036,-34.6027],[-70.4061,-34.6008],[-70.4083,-34.5985],[-70.4096,-34.5962],[-70.4132,-34.5944],[-70.4175,-34.5906],[-70.42,-34.5896],[-70.4245,-34.5893],[-70.4302,-34.5904],[-70.436,-34.5866],[-70.4386,-34.587],[-70.4431,-34.5866],[-70.4477,-34.5878],[-70.4508,-34.5902],[-70.4543,-34.5906],[-70.4589,-34.5902],[-70.462,-34.5897],[-70.4641,-34.5902],[-70.468,-34.5898],[-70.4694,-34.5874],[-70.4697,-34.5858],[-70.4689,-34.5824],[-70.4689,-34.5786],[-70.4683,-34.5763],[-70.469,-34.5719],[-70.4703,-34.5699],[-70.4754,-34.5675],[-70.4835,-34.5682],[-70.486,-34.5676],[-70.4876,-34.5664],[-70.4886,-34.5639],[-70.4882,-34.5617],[-70.4894,-34.5556],[-70.4907,-34.554],[-70.4898,-34.5489],[-70.4878,-34.5471],[-70.4857,-34.5434],[-70.485,-34.5399],[-70.4852,-34.5375],[-70.4836,-34.533],[-70.4839,-34.5314],[-70.4857,-34.53],[-70.4847,-34.5254],[-70.4852,-34.5239],[-70.4844,-34.5201],[-70.4809,-34.5163],[-70.4813,-34.5142],[-70.4811,-34.5114],[-70.4801,-34.5099],[-70.4809,-34.5061],[-70.4835,-34.5052],[-70.4839,-34.5045],[-70.4829,-34.5022],[-70.4857,-34.4975],[-70.488,-34.4959],[-70.4922,-34.4922],[-70.4954,-34.4917],[-70.4979,-34.492],[-70.5055,-34.4917],[-70.509,-34.4929],[-70.5111,-34.4927],[-70.5137,-34.4936],[-70.5163,-34.4962],[-70.5215,-34.4977],[-70.5235,-34.4973],[-70.5267,-34.4943],[-70.5292,-34.4926],[-70.5309,-34.4898],[-70.5309,-34.4854],[-70.5295,-34.4818],[-70.5266,-34.4777],[-70.5234,-34.4712],[-70.5201,-34.4694],[-70.5186,-34.4673],[-70.515,-34.4652],[-70.514,-34.4641],[-70.5112,-34.4589],[-70.5091,-34.4566],[-70.5061,-34.4547],[-70.5033,-34.4534],[-70.5004,-34.45],[-70.4994,-34.444],[-70.4985,-34.4422],[-70.4989,-34.4386],[-70.4958,-34.435],[-70.4945,-34.4308],[-70.4946,-34.4278],[-70.4907,-34.4242],[-70.4885,-34.4227],[-70.4877,-34.4208],[-70.4884,-34.4192],[-70.4852,-34.4145],[-70.4829,-34.4133],[-70.4816,-34.4099],[-70.4799,-34.4079],[-70.4777,-34.4067],[-70.475,-34.4029],[-70.471,-34.4028],[-70.4697,-34.4014],[-70.467,-34.4005],[-70.4632,-34.3962],[-70.4621,-34.3944],[-70.4611,-34.3903],[-70.4615,-34.3887],[-70.4613,-34.3853],[-70.4616,-34.3805],[-70.4631,-34.3776],[-70.4609,-34.3749],[-70.4596,-34.374],[-70.4595,-34.3728],[-70.4604,-34.3703],[-70.4613,-34.3695],[-70.4604,-34.3675],[-70.4582,-34.3665],[-70.4577,-34.3634],[-70.4571,-34.3625],[-70.4537,-34.3596],[-70.4551,-34.3576],[-70.455,-34.3541],[-70.4559,-34.3515],[-70.4583,-34.3485],[-70.4608,-34.3466],[-70.4607,-34.344],[-70.4638,-34.3425],[-70.4687,-34.3379],[-70.4705,-34.3357],[-70.4742,-34.335],[-70.4763,-34.3341],[-70.4805,-34.3293],[-70.4841,-34.327],[-70.4843,-34.324],[-70.4856,-34.3214],[-70.4895,-34.3188],[-70.4931,-34.3123],[-70.4947,-34.3115],[-70.4985,-34.3113],[-70.4998,-34.3105],[-70.4997,-34.3067],[-70.502,-34.2995],[-70.5016,-34.2975],[-70.5026,-34.2945],[-70.5036,-34.2929],[-70.5076,-34.292],[-70.5125,-34.2914],[-70.5174,-34.2944],[-70.5192,-34.2945],[-70.5219,-34.2936],[-70.5229,-34.2917],[-70.5255,-34.2884],[-70.5304,-34.2891],[-70.5331,-34.2903],[-70.5352,-34.29],[-70.5382,-34.2883],[-70.5399,-34.2852],[-70.5412,-34.2837],[-70.543,-34.2834],[-70.5454,-34.2838],[-70.5479,-34.2831],[-70.5502,-34.2834],[-70.552,-34.2845],[-70.5541,-34.2838],[-70.5562,-34.2817],[-70.556,-34.2793],[-70.559,-34.2779],[-70.5677,-34.2759],[-70.574,-34.276],[-70.5773,-34.2748],[-70.58,-34.2749],[-70.5843,-34.2738],[-70.5864,-34.2721],[-70.5877,-34.2694],[-70.5896,-34.2688],[-70.5925,-34.2698],[-70.5995,-34.269],[-70.6019,-34.2677],[-70.6041,-34.2676],[-70.6072,-34.2661],[-70.6109,-34.2657],[-70.6132,-34.2651],[-70.6171,-34.2648],[-70.6185,-34.2637],[-70.6205,-34.2605],[-70.6215,-34.258],[-70.623,-34.2573],[-70.6278,-34.2573],[-70.6331,-34.2555],[-70.6366,-34.2525],[-70.6377,-34.2505],[-70.6377,-34.2475],[-70.6385,-34.2463],[-70.6421,-34.2445],[-70.6455,-34.2435],[-70.6493,-34.2429],[-70.6526,-34.2418],[-70.656,-34.2397],[-70.6596,-34.2391],[-70.6654,-34.2354],[-70.668,-34.233],[-70.6691,-34.2313],[-70.6692,-34.2286],[-70.6708,-34.2259],[-70.6722,-34.2245],[-70.6755,-34.2227],[-70.6772,-34.221],[-70.68,-34.2206],[-70.6845,-34.2205],[-70.6896,-34.2178],[-70.6912,-34.2176],[-70.6968,-34.2146],[-70.703,-34.2136],[-70.7053,-34.2143],[-70.7094,-34.2166],[-70.7108,-34.217],[-70.7153,-34.217],[-70.718,-34.2163],[-70.7221,-34.216],[-70.7232,-34.2152],[-70.7196,-34.2102],[-70.7195,-34.2094],[-70.7242,-34.2068],[-70.7215,-34.2034],[-70.7181,-34.2023],[-70.7161,-34.2003],[-70.7135,-34.1965],[-70.7112,-34.1953],[-70.7094,-34.1939],[-70.7099,-34.192],[-70.7067,-34.1852],[-70.7023,-34.1785],[-70.7009,-34.176],[-70.696,-34.1702],[-70.6912,-34.167],[-70.6868,-34.1658],[-70.681,-34.1634],[-70.6784,-34.1618],[-70.6768,-34.1613],[-70.6781,-34.1589],[-70.6797,-34.1533],[-70.6797,-34.151],[-70.6806,-34.1493],[-70.6822,-34.148],[-70.6838,-34.1451],[-70.6598,-34.1469],[-70.6504,-34.1479],[-70.6489,-34.1488],[-70.6452,-34.1501],[-70.64,-34.1505],[-70.6377,-34.1514],[-70.6343,-34.1502],[-70.6309,-34.15],[-70.6288,-34.1507],[-70.6266,-34.15],[-70.6251,-34.1502],[-70.6211,-34.1523],[-70.6184,-34.1545],[-70.6158,-34.1531],[-70.615,-34.1517],[-70.6121,-34.1503],[-70.6076,-34.1506],[-70.5985,-34.1496],[-70.5953,-34.1506],[-70.5923,-34.1508],[-70.5889,-34.1505],[-70.5871,-34.1515],[-70.5852,-34.1502],[-70.5831,-34.1496],[-70.5815,-34.1482],[-70.5763,-34.1475],[-70.5743,-34.1469],[-70.5726,-34.1434],[-70.5726,-34.1412],[-70.5732,-34.1389],[-70.5727,-34.1371],[-70.5689,-34.1345],[-70.5673,-34.1326],[-70.567,-34.1289],[-70.5656,-34.1276],[-70.5648,-34.1252],[-70.5615,-34.1225],[-70.5609,-34.1208],[-70.5608,-34.1162],[-70.5569,-34.1143],[-70.5549,-34.1121],[-70.5532,-34.1112],[-70.552,-34.1091],[-70.5503,-34.1079],[-70.548,-34.1048],[-70.5459,-34.1034],[-70.5448,-34.0992],[-70.5431,-34.0967],[-70.5401,-34.0951],[-70.5392,-34.094],[-70.5366,-34.0926],[-70.5333,-34.0896],[-70.5329,-34.0853],[-70.5304,-34.0818],[-70.5296,-34.0793],[-70.5298,-34.0768],[-70.5281,-34.0746],[-70.5151,-34.073],[-70.5133,-34.0721],[-70.5119,-34.0699],[-70.5091,-34.0682],[-70.5052,-34.0685],[-70.504,-34.0697],[-70.5022,-34.07],[-70.5002,-34.0693],[-70.4988,-34.0697],[-70.4967,-34.071],[-70.4952,-34.0702],[-70.4911,-34.07],[-70.4805,-34.0687],[-70.4727,-34.0691],[-70.4677,-34.0686],[-70.4621,-34.0636],[-70.4591,-34.0618],[-70.4555,-34.0613],[-70.4556,-34.0572],[-70.4553,-34.053],[-70.4531,-34.0497],[-70.4488,-34.0471],[-70.4432,-34.0425],[-70.4388,-34.0384],[-70.4368,-34.0377],[-70.4359,-34.0364],[-70.4347,-34.0361],[-70.4302,-34.0376],[-70.4237,-34.0403],[-70.419,-34.0409],[-70.416,-34.0404],[-70.4128,-34.0382],[-70.4107,-34.0383],[-70.4082,-34.0398],[-70.4025,-34.0409],[-70.3999,-34.0425],[-70.3969,-34.0428],[-70.3951,-34.0424],[-70.3927,-34.0407],[-70.3904,-34.0405],[-70.3886,-34.0408],[-70.3862,-34.0404],[-70.3845,-34.0395],[-70.3806,-34.0389],[-70.3796,-34.0377],[-70.3733,-34.0352],[-70.3721,-34.0339],[-70.3717,-34.0304],[-70.3708,-34.0292],[-70.3691,-34.0283],[-70.3694,-34.0264],[-70.3686,-34.025],[-70.3659,-34.0231],[-70.3617,-34.0222],[-70.361,-34.0211],[-70.3589,-34.0195],[-70.3565,-34.0193],[-70.3547,-34.0181],[-70.354,-34.016],[-70.3528,-34.0149],[-70.3469,-34.0125],[-70.3434,-34.0094],[-70.3396,-34.0092],[-70.3371,-34.0096],[-70.3363,-34.0107],[-70.3314,-34.0108],[-70.3277,-34.0103],[-70.3245,-34.0118],[-70.3219,-34.0142],[-70.3214,-34.0164],[-70.3232,-34.0183],[-70.3258,-34.0198],[-70.3281,-34.0199],[-70.3308,-34.0208],[-70.3335,-34.0236],[-70.3371,-34.028],[-70.3392,-34.0302],[-70.3395,-34.0333],[-70.3423,-34.0369],[-70.3444,-34.0391],[-70.3417,-34.0424],[-70.3413,-34.0443],[-70.3416,-34.048],[-70.3409,-34.0491],[-70.3403,-34.0532],[-70.3371,-34.0558],[-70.334,-34.0565],[-70.3317,-34.0575],[-70.33,-34.0589],[-70.3261,-34.0595],[-70.3234,-34.0577],[-70.3219,-34.0574],[-70.3149,-34.0573],[-70.3136,-34.0621],[-70.3107,-34.0636],[-70.3092,-34.0664],[-70.3046,-34.066],[-70.3038,-34.0652],[-70.3042,-34.0633],[-70.3028,-34.0611],[-70.2988,-34.0599],[-70.2947,-34.0598],[-70.2896,-34.0583],[-70.2864,-34.0589],[-70.2827,-34.0614],[-70.2796,-34.0624],[-70.2776,-34.0638],[-70.2765,-34.0639],[-70.2707,-34.0657],[-70.2692,-34.0671],[-70.2674,-34.0702],[-70.2656,-34.0713],[-70.2614,-34.0712],[-70.2596,-34.0678],[-70.2552,-34.065],[-70.2542,-34.0639],[-70.2538,-34.0614],[-70.2528,-34.0598],[-70.2499,-34.0588],[-70.2481,-34.0569],[-70.2482,-34.0511],[-70.2478,-34.0499],[-70.2482,-34.0476],[-70.2454,-34.0426],[-70.2459,-34.0385],[-70.2449,-34.0352],[-70.2438,-34.0341],[-70.2409,-34.0328],[-70.2336,-34.0319],[-70.2278,-34.0315],[-70.226,-34.0319],[-70.2229,-34.0306],[-70.2214,-34.0305],[-70.2184,-34.0312],[-70.2156,-34.0304],[-70.2109,-34.0311],[-70.208,-34.0327],[-70.2068,-34.034],[-70.205,-34.0345],[-70.1992,-34.0342],[-70.1955,-34.0332],[-70.191,-34.0326],[-70.1861,-34.0324],[-70.1837,-34.0333],[-70.1797,-34.0361],[-70.1777,-34.038],[-70.1752,-34.0417],[-70.1702,-34.0444],[-70.1694,-34.0457],[-70.1703,-34.0483],[-70.1735,-34.0517],[-70.1748,-34.0543],[-70.175,-34.0585],[-70.1739,-34.0617],[-70.172,-34.0644],[-70.1711,-34.0679],[-70.1722,-34.0716],[-70.1694,-34.0738],[-70.1675,-34.0776],[-70.1647,-34.0805],[-70.1646,-34.0829],[-70.1639,-34.0843],[-70.1614,-34.0868],[-70.1587,-34.0932],[-70.1597,-34.0945],[-70.1623,-34.0944],[-70.1645,-34.0959],[-70.1647,-34.0988],[-70.1644,-34.1006],[-70.1624,-34.1037],[-70.1598,-34.1069],[-70.1579,-34.1111],[-70.1512,-34.1144],[-70.1477,-34.1154],[-70.1446,-34.1166],[-70.1432,-34.1177],[-70.1419,-34.1205],[-70.1444,-34.1217],[-70.1457,-34.1229],[-70.1497,-34.1243],[-70.1525,-34.1276],[-70.154,-34.1286],[-70.1565,-34.1291],[-70.1577,-34.13],[-70.1586,-34.1331],[-70.1615,-34.1341],[-70.1616,-34.1351],[-70.1645,-34.14],[-70.163,-34.143],[-70.1625,-34.1458],[-70.1608,-34.1478],[-70.1603,-34.1497],[-70.1628,-34.1538],[-70.1629,-34.1564],[-70.1643,-34.1592],[-70.1627,-34.1595],[-70.1574,-34.1595],[-70.1538,-34.1612],[-70.1533,-34.163],[-70.15,-34.1665],[-70.1496,-34.1677],[-70.1502,-34.1693],[-70.146,-34.1733],[-70.1454,-34.1757],[-70.1457,-34.1769],[-70.1473,-34.1792],[-70.1469,-34.18],[-70.1428,-34.181],[-70.1404,-34.1843],[-70.1344,-34.1886],[-70.1313,-34.1892],[-70.1289,-34.1885],[-70.123,-34.1884],[-70.1184,-34.1894],[-70.1173,-34.1901],[-70.1159,-34.1929],[-70.1159,-34.1969],[-70.1152,-34.2003],[-70.1127,-34.2019],[-70.1065,-34.2029],[-70.0932,-34.2031],[-70.0894,-34.2025],[-70.0855,-34.201],[-70.0831,-34.1995],[-70.0774,-34.198],[-70.0761,-34.1997],[-70.072,-34.202],[-70.0671,-34.2071],[-70.0666,-34.2091],[-70.062,-34.2131],[-70.0609,-34.2151],[-70.0582,-34.218],[-70.0566,-34.2188],[-70.0562,-34.2206],[-70.0543,-34.2224],[-70.0532,-34.2228],[-70.0506,-34.2259],[-70.0502,-34.2286],[-70.0513,-34.2351],[-70.0512,-34.2381],[-70.0504,-34.241],[-70.0492,-34.2439],[-70.05,-34.2458],[-70.0506,-34.2494],[-70.0519,-34.2514],[-70.0519,-34.2548],[-70.0524,-34.2565],[-70.054,-34.2582],[-70.0538,-34.2639],[-70.0526,-34.2672],[-70.0534,-34.2711],[-70.0525,-34.2732],[-70.0524,-34.2761],[-70.0533,-34.2778],[-70.0528,-34.2802],[-70.0512,-34.2809],[-70.0457,-34.2813],[-70.0419,-34.2841],[-70.0398,-34.2848],[-70.0373,-34.2849],[-70.0355,-34.2862],[-70.032,-34.288],[-70.0313,-34.2883],[-70.0306,-34.2886],[-70.0306,-34.2899],[-70.0316,-34.2925],[-70.0313,-34.2942],[-70.0298,-34.2968],[-70.0286,-34.2998],[-70.0218,-34.3087],[-70.0221,-34.31],[-70.0211,-34.313],[-70.0215,-34.315],[-70.02,-34.3178],[-70.0176,-34.3246],[-70.0183,-34.3264],[-70.0159,-34.3318],[-70.0144,-34.3384],[-70.0152,-34.3404],[-70.0168,-34.3422],[-70.017,-34.3441],[-70.019,-34.3467],[-70.0177,-34.3489],[-70.0176,-34.3503],[-70.0165,-34.3526],[-70.0174,-34.3552],[-70.0207,-34.3592],[-70.0219,-34.3596],[-70.0234,-34.3615],[-70.0244,-34.3648],[-70.0243,-34.3659],[-70.0258,-34.3666],[-70.0245,-34.3684],[-70.0249,-34.3696],[-70.0241,-34.3711],[-70.0245,-34.3747],[-70.0207,-34.3783],[-70.0158,-34.3819],[-70.0154,-34.3841],[-70.0139,-34.387],[-70.0132,-34.3892],[-70.0095,-34.3931],[-70.0092,-34.3944],[-70.0114,-34.4013],[-70.0123,-34.4029],[-70.0121,-34.4046],[-70.014,-34.4071],[-70.0122,-34.4094],[-70.0129,-34.4119],[-70.0148,-34.4133],[-70.0168,-34.4136],[-70.0228,-34.4163],[-70.0234,-34.4183],[-70.025,-34.4191],[-70.0282,-34.4215],[-70.0296,-34.4233],[-70.0298,-34.4245],[-70.034,-34.4232],[-70.0375,-34.4236],[-70.0441,-34.4273],[-70.0459,-34.4288],[-70.0476,-34.4317],[-70.0475,-34.4337],[-70.048,-34.438],[-70.0514,-34.4408],[-70.0526,-34.4425],[-70.0534,-34.4467],[-70.0555,-34.4498],[-70.0601,-34.4507],[-70.063,-34.4509],[-70.0651,-34.452],[-70.0675,-34.4544],[-70.07,-34.4581],[-70.0717,-34.46],[-70.0715,-34.4612],[-70.0735,-34.4625],[-70.0761,-34.4655],[-70.0791,-34.4663],[-70.0807,-34.4721],[-70.0814,-34.4729],[-70.085,-34.4738],[-70.0889,-34.4761],[-70.0906,-34.4761],[-70.094,-34.4779],[-70.0966,-34.4796],[-70.0992,-34.4825],[-70.102,-34.4828],[-70.1054,-34.4809],[-70.1094,-34.4795],[-70.1108,-34.4784],[-70.1156,-34.4759],[-70.1177,-34.476],[-70.1224,-34.4804],[-70.124,-34.4825],[-70.1269,-34.484],[-70.1318,-34.4879],[-70.1322,-34.4887],[-70.1313,-34.4909],[-70.1282,-34.493],[-70.1282,-34.4942],[-70.1299,-34.4972],[-70.1308,-34.4998],[-70.1299,-34.5013],[-70.1312,-34.5032],[-70.1332,-34.5048],[-70.1343,-34.5077],[-70.1341,-34.5099],[-70.1356,-34.5122],[-70.1383,-34.515],[-70.1398,-34.5159],[-70.1415,-34.5189],[-70.1429,-34.5223],[-70.1448,-34.5247],[-70.1456,-34.5283],[-70.1438,-34.5325],[-70.1473,-34.5331],[-70.1487,-34.5362],[-70.1514,-34.5402],[-70.153,-34.5411],[-70.1543,-34.5427],[-70.1542,-34.5437],[-70.1555,-34.5454],[-70.1572,-34.5466],[-70.1601,-34.5497],[-70.1625,-34.5513],[-70.1646,-34.5521],[-70.1674,-34.5551],[-70.168,-34.5567],[-70.1697,-34.5583],[-70.1696,-34.5599],[-70.1684,-34.562],[-70.169,-34.5644],[-70.1724,-34.5657],[-70.1734,-34.5679],[-70.1726,-34.5703],[-70.175,-34.5721],[-70.1746,-34.5737],[-70.1751,-34.5756],[-70.1774,-34.5755],[-70.1789,-34.5743],[-70.1818,-34.5732],[-70.1848,-34.5727],[-70.1877,-34.5732],[-70.1909,-34.576],[-70.1913,-34.5784],[-70.1951,-34.5803],[-70.195,-34.5817],[-70.1926,-34.5832],[-70.1924,-34.5859],[-70.1907,-34.5892],[-70.1955,-34.5908],[-70.1969,-34.5941],[-70.1982,-34.5946],[-70.2023,-34.5938],[-70.2046,-34.5947],[-70.2051,-34.5969],[-70.2011,-34.6014],[-70.2039,-34.6022],[-70.2076,-34.6043],[-70.2083,-34.6052],[-70.2104,-34.6058],[-70.2137,-34.6074],[-70.2163,-34.6095],[-70.2179,-34.6119],[-70.2166,-34.6171],[-70.2165,-34.6212],[-70.2183,-34.6266],[-70.2184,-34.6295],[-70.2195,-34.6321],[-70.2195,-34.6338],[-70.221,-34.6369],[-70.2232,-34.6384],[-70.2241,-34.6416],[-70.2213,-34.6467],[-70.2199,-34.6496],[-70.2194,-34.6533],[-70.22,-34.657],[-70.2207,-34.6584],[-70.2199,-34.66],[-70.2181,-34.6601],[-70.2155,-34.6618],[-70.2155,-34.6662],[-70.2147,-34.6681],[-70.2129,-34.6697],[-70.2144,-34.6706],[-70.2158,-34.6738],[-70.2146,-34.677],[-70.2142,-34.6793],[-70.2158,-34.6829],[-70.216,-34.6843],[-70.2178,-34.6842],[-70.2231,-34.6817],[-70.2263,-34.6836],[-70.2303,-34.6851],[-70.2316,-34.685],[-70.2336,-34.6867],[-70.2353,-34.6892],[-70.2405,-34.6885],[-70.2435,-34.6922],[-70.2447,-34.6915],[-70.2463,-34.6925],[-70.2478,-34.695],[-70.2485,-34.6968],[-70.25,-34.6984],[-70.2501,-34.7013],[-70.2536,-34.7038]]]},"properties":{"Comuna":"Machalí","Provincia":"Cachapoal","cod_comuna":6108}},{"type":"Feature","geometry":{"type":"Polygon","coordinates":[[[-71.1415,-34.1654],[-71.1384,-34.1651],[-71.1357,-34.1663],[-71.1347,-34.1663],[-71.1295,-34.1662],[-71.1259,-34.1666],[-71.1225,-34.165],[-71.1201,-34.1643],[-71.1195,-34.1642],[-71.1177,-34.1641],[-71.1138,-34.1665],[-71.112,-34.1669],[-71.1109,-34.167],[-71.1059,-34.1663],[-71.1032,-34.1679],[-71.1018,-34.1697],[-71.0998,-34.1709],[-71.0972,-34.1713],[-71.0947,-34.1733],[-71.0912,-34.1752],[-71.0902,-34.1781],[-71.09,-34.1801],[-71.0885,-34.1807],[-71.0862,-34.1805],[-71.083,-34.1826],[-71.0808,-34.1823],[-71.0788,-34.1814],[-71.0745,-34.1834],[-71.0717,-34.1842],[-71.072,-34.1864],[-71.071,-34.1891],[-71.0727,-34.1918],[-71.0743,-34.1955],[-71.0764,-34.1976],[-71.0783,-34.2012],[-71.0799,-34.203],[-71.0802,-34.2047],[-71.0811,-34.206],[-71.0819,-34.2096],[-71.0826,-34.2104],[-71.0844,-34.2162],[-71.0872,-34.22],[-71.0899,-34.2229],[-71.0902,-34.2252],[-71.0919,-34.2261],[-71.0964,-34.2275],[-71.1014,-34.2302],[-71.1041,-34.2348],[-71.1046,-34.237],[-71.105,-34.2414],[-71.1099,-34.2456],[-71.1132,-34.2477],[-71.1169,-34.2466],[-71.1181,-34.2472],[-71.1191,-34.2489],[-71.121,-34.2505],[-71.1243,-34.2517],[-71.1273,-34.2514],[-71.1297,-34.2506],[-71.1326,-34.249],[-71.1349,-34.249],[-71.139,-34.2503],[-71.1421,-34.2518],[-71.1459,-34.2529],[-71.1476,-34.2538],[-71.1502,-34.2542],[-71.1536,-34.2535],[-71.1561,-34.252],[-71.1579,-34.2518],[-71.1631,-34.2527],[-71.1656,-34.2536],[-71.1688,-34.254],[-71.1729,-34.2562],[-71.1814,-34.2558],[-71.1874,-34.253],[-71.1894,-34.2502],[-71.1946,-34.2472],[-71.1979,-34.2478],[-71.2004,-34.2493],[-71.2041,-34.2526],[-71.2076,-34.2532],[-71.2126,-34.2554],[-71.2171,-34.2542],[-71.2192,-34.255],[-71.2228,-34.2556],[-71.2245,-34.2568],[-71.2296,-34.255],[-71.2342,-34.2553],[-71.2398,-34.2548],[-71.2411,-34.255],[-71.2447,-34.2573],[-71.2486,-34.2568],[-71.2511,-34.2536],[-71.2528,-34.2537],[-71.2572,-34.2569],[-71.2602,-34.2576],[-71.2633,-34.2571],[-71.2663,-34.26],[-71.2675,-34.2642],[-71.2673,-34.2692],[-71.2683,-34.2708],[-71.2711,-34.273],[-71.2722,-34.2745],[-71.2751,-34.2749],[-71.2767,-34.276],[-71.2822,-34.279],[-71.2864,-34.2802],[-71.289,-34.2822],[-71.2918,-34.2815],[-71.293,-34.2821],[-71.2938,-34.2857],[-71.2972,-34.2899],[-71.2975,-34.2929],[-71.2984,-34.295],[-71.303,-34.3117],[-71.3041,-34.3164],[-71.3047,-34.3208],[-71.3053,-34.3282],[-71.3072,-34.3274],[-71.3081,-34.3258],[-71.3099,-34.3267],[-71.3116,-34.3267],[-71.3146,-34.3249],[-71.3161,-34.3219],[-71.3196,-34.3221],[-71.3214,-34.3215],[-71.324,-34.319],[-71.3255,-34.3164],[-71.3259,-34.3143],[-71.3269,-34.3133],[-71.3272,-34.3117],[-71.3286,-34.3101],[-71.3323,-34.3077],[-71.336,-34.3061],[-71.3374,-34.3042],[-71.3401,-34.3035],[-71.3411,-34.3018],[-71.3404,-34.2991],[-71.3406,-34.2965],[-71.3416,-34.2954],[-71.3487,-34.292],[-71.3506,-34.2885],[-71.351,-34.2854],[-71.353,-34.2849],[-71.3547,-34.2852],[-71.3576,-34.283],[-71.359,-34.2782],[-71.3606,-34.2771],[-71.367,-34.2752],[-71.3699,-34.2747],[-71.3724,-34.2749],[-71.375,-34.2727],[-71.3772,-34.2717],[-71.3821,-34.2718],[-71.3871,-34.2699],[-71.3897,-34.2696],[-71.3915,-34.2701],[-71.3935,-34.2699],[-71.3982,-34.2682],[-71.4018,-34.2683],[-71.4077,-34.2694],[-71.4109,-34.2734],[-71.4118,-34.2736],[-71.4162,-34.2731],[-71.4174,-34.2712],[-71.4203,-34.2704],[-71.4228,-34.2705],[-71.4261,-34.2746],[-71.4278,-34.2756],[-71.4309,-34.2763],[-71.4333,-34.2756],[-71.4351,-34.2745],[-71.4366,-34.2725],[-71.4376,-34.2691],[-71.4385,-34.2673],[-71.4393,-34.2636],[-71.4422,-34.2551],[-71.445,-34.2483],[-71.4475,-34.2452],[-71.4504,-34.2424],[-71.454,-34.2406],[-71.4573,-34.2399],[-71.4628,-34.2376],[-71.4649,-34.2357],[-71.4656,-34.2312],[-71.4683,-34.2264],[-71.471,-34.2241],[-71.4747,-34.2188],[-71.4752,-34.2149],[-71.4752,-34.2056],[-71.4754,-34.2031],[-71.4748,-34.2011],[-71.473,-34.198],[-71.4718,-34.1939],[-71.4718,-34.1895],[-71.4723,-34.1864],[-71.4736,-34.1833],[-71.4768,-34.1794],[-71.4797,-34.1763],[-71.4859,-34.1668],[-71.4874,-34.1636],[-71.4879,-34.1586],[-71.488,-34.1557],[-71.4874,-34.1528],[-71.4847,-34.1477],[-71.4833,-34.1458],[-71.4822,-34.1428],[-71.4821,-34.1411],[-71.483,-34.1379],[-71.4842,-34.1358],[-71.4873,-34.1319],[-71.4896,-34.1308],[-71.4932,-34.1307],[-71.4995,-34.1329],[-71.5033,-34.1332],[-71.5086,-34.1325],[-71.5119,-34.1311],[-71.514,-34.1292],[-71.5146,-34.1259],[-71.5143,-34.1203],[-71.5161,-34.1157],[-71.5176,-34.114],[-71.5204,-34.1129],[-71.524,-34.1122],[-71.5323,-34.1118],[-71.5346,-34.1108],[-71.5348,-34.1093],[-71.5336,-34.1043],[-71.5342,-34.1028],[-71.5362,-34.1012],[-71.5363,-34.0994],[-71.5352,-34.0966],[-71.5352,-34.095],[-71.5366,-34.0924],[-71.5382,-34.0917],[-71.5407,-34.092],[-71.5458,-34.0913],[-71.5494,-34.0898],[-71.5534,-34.0898],[-71.5571,-34.0879],[-71.56,-34.0873],[-71.5641,-34.0853],[-71.567,-34.086],[-71.5703,-34.0852],[-71.5723,-34.0838],[-71.5739,-34.0789],[-71.5757,-34.0756],[-71.5761,-34.0738],[-71.5754,-34.0718],[-71.5737,-34.0685],[-71.5753,-34.0656],[-71.5754,-34.0642],[-71.5715,-34.0648],[-71.57,-34.0662],[-71.5675,-34.0653],[-71.5663,-34.0675],[-71.5648,-34.0678],[-71.5614,-34.0666],[-71.5593,-34.0674],[-71.5525,-34.0683],[-71.5474,-34.0653],[-71.5457,-34.0622],[-71.5442,-34.0611],[-71.5428,-34.0615],[-71.5394,-34.0605],[-71.5381,-34.0623],[-71.5372,-34.0624],[-71.536,-34.0606],[-71.534,-34.0609],[-71.5331,-34.0603],[-71.5306,-34.06],[-71.5286,-34.0605],[-71.5267,-34.0623],[-71.527,-34.0656],[-71.5254,-34.0685],[-71.5225,-34.0697],[-71.5189,-34.0702],[-71.5151,-34.0699],[-71.5141,-34.0684],[-71.5136,-34.0652],[-71.5128,-34.0641],[-71.5102,-34.0647],[-71.5093,-34.0629],[-71.5093,-34.0615],[-71.5082,-34.0588],[-71.5086,-34.0537],[-71.5051,-34.0526],[-71.5053,-34.049],[-71.5038,-34.0471],[-71.5043,-34.0456],[-71.504,-34.0431],[-71.503,-34.042],[-71.501,-34.0415],[-71.4996,-34.0423],[-71.4975,-34.0428],[-71.4961,-34.0443],[-71.4944,-34.0435],[-71.4922,-34.0442],[-71.4875,-34.0438],[-71.4873,-34.0428],[-71.4883,-34.039],[-71.4908,-34.0375],[-71.4904,-34.0347],[-71.4912,-34.0332],[-71.4908,-34.0296],[-71.4888,-34.029],[-71.485,-34.0268],[-71.482,-34.0262],[-71.4821,-34.0229],[-71.4813,-34.0216],[-71.4779,-34.0214],[-71.4777,-34.0194],[-71.4753,-34.0157],[-71.4723,-34.0129],[-71.4721,-34.0109],[-71.4714,-34.0111],[-71.4687,-34.0113],[-71.466,-34.013],[-71.4639,-34.0137],[-71.4619,-34.0146],[-71.4601,-34.0169],[-71.458,-34.0181],[-71.4573,-34.0179],[-71.4558,-34.0164],[-71.4554,-34.0155],[-71.4535,-34.0149],[-71.4527,-34.0157],[-71.4509,-34.0157],[-71.4502,-34.0155],[-71.449,-34.0145],[-71.4476,-34.0149],[-71.4458,-34.0178],[-71.4438,-34.0192],[-71.443,-34.022],[-71.4387,-34.0228],[-71.436,-34.0254],[-71.4357,-34.0271],[-71.4319,-34.0328],[-71.43,-34.0324],[-71.4291,-34.0331],[-71.4258,-34.0319],[-71.4226,-34.0331],[-71.4207,-34.0325],[-71.4187,-34.0341],[-71.4154,-34.0355],[-71.4135,-34.0358],[-71.4123,-34.0379],[-71.4128,-34.0404],[-71.4137,-34.0412],[-71.4146,-34.0447],[-71.4161,-34.046],[-71.4156,-34.0476],[-71.417,-34.0503],[-71.4151,-34.0549],[-71.4148,-34.0577],[-71.4131,-34.0594],[-71.4109,-34.0628],[-71.41,-34.0635],[-71.4046,-34.0658],[-71.4041,-34.067],[-71.4025,-34.0676],[-71.3991,-34.0678],[-71.3953,-34.0715],[-71.3946,-34.0738],[-71.3927,-34.0743],[-71.392,-34.0748],[-71.3902,-34.076],[-71.3897,-34.0756],[-71.3893,-34.0739],[-71.3881,-34.0699],[-71.3869,-34.0679],[-71.3827,-34.0668],[-71.3814,-34.0654],[-71.38,-34.0648],[-71.3788,-34.0646],[-71.3778,-34.0643],[-71.3714,-34.0611],[-71.3658,-34.0605],[-71.3643,-34.0613],[-71.3637,-34.0615],[-71.3618,-34.0619],[-71.3588,-34.0629],[-71.3566,-34.0633],[-71.3559,-34.0634],[-71.3537,-34.0637],[-71.3517,-34.0651],[-71.3501,-34.0636],[-71.3474,-34.0624],[-71.3468,-34.0609],[-71.3466,-34.0593],[-71.3478,-34.0561],[-71.3448,-34.0544],[-71.3414,-34.0508],[-71.3399,-34.0503],[-71.3357,-34.0515],[-71.3342,-34.0525],[-71.3324,-34.0514],[-71.3312,-34.0499],[-71.3287,-34.049],[-71.3235,-34.0489],[-71.3203,-34.0456],[-71.3171,-34.0442],[-71.3156,-34.0429],[-71.3136,-34.0441],[-71.312,-34.0439],[-71.3103,-34.0422],[-71.3084,-34.0413],[-71.3056,-34.0384],[-71.3052,-34.0362],[-71.3031,-34.0347],[-71.3032,-34.0337],[-71.3018,-34.0326],[-71.3008,-34.0304],[-71.2999,-34.0322],[-71.3,-34.0347],[-71.298,-34.0357],[-71.2985,-34.0374],[-71.2942,-34.0423],[-71.293,-34.043],[-71.2914,-34.0449],[-71.2886,-34.0453],[-71.2856,-34.0467],[-71.2826,-34.0467],[-71.2805,-34.0484],[-71.2761,-34.0503],[-71.2745,-34.0505],[-71.2707,-34.0524],[-71.2682,-34.0577],[-71.2671,-34.0608],[-71.2668,-34.063],[-71.2704,-34.0654],[-71.2696,-34.0663],[-71.2699,-34.0682],[-71.2694,-34.0704],[-71.2696,-34.0791],[-71.2674,-34.0836],[-71.2616,-34.0867],[-71.2588,-34.0886],[-71.2559,-34.0898],[-71.2526,-34.0904],[-71.2513,-34.0911],[-71.2485,-34.0937],[-71.2456,-34.095],[-71.2437,-34.0953],[-71.2388,-34.1003],[-71.2378,-34.1022],[-71.2342,-34.1058],[-71.2322,-34.1066],[-71.2311,-34.11],[-71.2307,-34.1134],[-71.2313,-34.1147],[-71.2312,-34.1172],[-71.2301,-34.1188],[-71.2282,-34.1199],[-71.2273,-34.1218],[-71.2255,-34.1242],[-71.222,-34.1261],[-71.2201,-34.1282],[-71.2184,-34.1313],[-71.2166,-34.1315],[-71.2147,-34.1356],[-71.211,-34.1362],[-71.2073,-34.1357],[-71.205,-34.1357],[-71.2054,-34.1393],[-71.2027,-34.143],[-71.2023,-34.1447],[-71.2004,-34.1468],[-71.199,-34.1473],[-71.197,-34.1494],[-71.1917,-34.1515],[-71.188,-34.154],[-71.1849,-34.1584],[-71.1813,-34.1584],[-71.1782,-34.1594],[-71.1754,-34.1594],[-71.1719,-34.1604],[-71.1698,-34.1617],[-71.1676,-34.1623],[-71.1653,-34.1619],[-71.16,-34.1643],[-71.1578,-34.1644],[-71.1546,-34.1637],[-71.152,-34.1645],[-71.1504,-34.1654],[-71.1473,-34.1661],[-71.1439,-34.1649],[-71.1415,-34.1654]]]},"properties":{"Comuna":"Las Cabras","Provincia":"Cachapoal","cod_comuna":6107}},{"type":"Feature","geometry":{"type":"Polygon","coordinates":[[[-70.8153,-34.8501],[-70.8153,-34.8501],[-70.815,-34.8511],[-70.8118,-34.8536],[-70.812,-34.8545],[-70.8154,-34.8575],[-70.8171,-34.8597],[-70.8182,-34.8621],[-70.8179,-34.8635],[-70.8158,-34.8655],[-70.816,-34.8667],[-70.8178,-34.8678],[-70.8183,-34.8698],[-70.8202,-34.8712],[-70.8217,-34.8713],[-70.8256,-34.8684],[-70.8291,-34.868],[-70.8294,-34.8677],[-70.8323,-34.8677],[-70.8326,-34.8677],[-70.834,-34.8666],[-70.8344,-34.8663],[-70.8354,-34.8654],[-70.8383,-34.8642],[-70.8385,-34.8642],[-70.8399,-34.8625],[-70.8401,-34.8624],[-70.8412,-34.8623],[-70.8414,-34.8623],[-70.8447,-34.8609],[-70.8458,-34.8601],[-70.8466,-34.86],[-70.8473,-34.8599],[-70.8508,-34.8602],[-70.8539,-34.8597],[-70.8561,-34.858],[-70.8573,-34.8552],[-70.8597,-34.8546],[-70.8613,-34.8537],[-70.8639,-34.8528],[-70.87,-34.8524],[-70.8738,-34.8527],[-70.8754,-34.8524],[-70.8773,-34.8513],[-70.8785,-34.8513],[-70.8816,-34.8502],[-70.889,-34.8505],[-70.8915,-34.8513],[-70.8948,-34.8524],[-70.8996,-34.8559],[-70.9032,-34.856],[-70.905,-34.8571],[-70.9062,-34.8575],[-70.9076,-34.8573],[-70.909,-34.8567],[-70.9109,-34.8569],[-70.9135,-34.8576],[-70.9174,-34.8586],[-70.9184,-34.8586],[-70.919,-34.8587],[-70.9212,-34.8591],[-70.9244,-34.8589],[-70.9252,-34.8589],[-70.9273,-34.8597],[-70.929,-34.861],[-70.93,-34.8615],[-70.9321,-34.8618],[-70.9333,-34.863],[-70.9344,-34.8635],[-70.9353,-34.8636],[-70.9369,-34.8637],[-70.9386,-34.8643],[-70.9437,-34.8672],[-70.9472,-34.8688],[-70.9483,-34.8692],[-70.9512,-34.8704],[-70.9515,-34.8708],[-70.9523,-34.8715],[-70.9531,-34.8717],[-70.9561,-34.8719],[-70.9567,-34.8721],[-70.9582,-34.8717],[-70.9587,-34.8714],[-70.9607,-34.8696],[-70.9631,-34.8681],[-70.9657,-34.8673],[-70.9683,-34.8647],[-70.9685,-34.8641],[-70.9681,-34.863],[-70.9677,-34.8626],[-70.9672,-34.8618],[-70.9671,-34.8611],[-70.9681,-34.8594],[-70.9685,-34.8591],[-70.9691,-34.8588],[-70.9696,-34.8586],[-70.9711,-34.8575],[-70.9715,-34.8571],[-70.9719,-34.8567],[-70.9729,-34.8555],[-70.9732,-34.8551],[-70.9746,-34.853],[-70.9749,-34.8526],[-70.9752,-34.8522],[-70.9755,-34.8517],[-70.9783,-34.8483],[-70.9796,-34.8467],[-70.9801,-34.844],[-70.9818,-34.8394],[-70.9841,-34.84],[-70.9853,-34.8397],[-70.9876,-34.837],[-70.9892,-34.8365],[-70.9921,-34.8347],[-70.9932,-34.8342],[-70.9975,-34.8331],[-70.9978,-34.8313],[-70.998,-34.8308],[-70.9992,-34.8298],[-70.9996,-34.8294],[-71.0007,-34.8278],[-71.0021,-34.827],[-71.007,-34.8259],[-71.0087,-34.8246],[-71.0107,-34.825],[-71.0111,-34.8253],[-71.0116,-34.8256],[-71.0156,-34.8256],[-71.017,-34.8244],[-71.0169,-34.8238],[-71.0166,-34.8231],[-71.0166,-34.8225],[-71.0181,-34.8188],[-71.0185,-34.8184],[-71.0199,-34.8173],[-71.0207,-34.8172],[-71.0215,-34.8169],[-71.022,-34.8167],[-71.0224,-34.8164],[-71.0231,-34.8156],[-71.0233,-34.8152],[-71.0234,-34.8147],[-71.0233,-34.8143],[-71.0231,-34.8129],[-71.0231,-34.8111],[-71.0242,-34.8094],[-71.0249,-34.8087],[-71.0257,-34.808],[-71.0289,-34.8071],[-71.0318,-34.8046],[-71.0323,-34.8043],[-71.0332,-34.8037],[-71.0339,-34.8029],[-71.034,-34.8024],[-71.035,-34.8005],[-71.0364,-34.7999],[-71.0371,-34.8001],[-71.0389,-34.8005],[-71.0393,-34.8001],[-71.0402,-34.7996],[-71.0412,-34.7991],[-71.0429,-34.7977],[-71.0454,-34.7966],[-71.0462,-34.7949],[-71.0461,-34.7945],[-71.0457,-34.7933],[-71.0482,-34.7927],[-71.0524,-34.805],[-71.0527,-34.8055],[-71.0553,-34.8081],[-71.0608,-34.8134],[-71.0661,-34.8187],[-71.0697,-34.8213],[-71.0719,-34.8223],[-71.0743,-34.8233],[-71.0785,-34.8246],[-71.0987,-34.8281],[-71.1005,-34.826],[-71.1018,-34.8244],[-71.1055,-34.82],[-71.1107,-34.8135],[-71.1173,-34.8059],[-71.1215,-34.8004],[-71.1267,-34.7959],[-71.1295,-34.7925],[-71.1319,-34.7903],[-71.1349,-34.7864],[-71.1286,-34.7858],[-71.1228,-34.7841],[-71.124,-34.7816],[-71.125,-34.7775],[-71.1213,-34.7749],[-71.1177,-34.771],[-71.1178,-34.7693],[-71.1162,-34.7669],[-71.1186,-34.766],[-71.1207,-34.7663],[-71.1232,-34.7658],[-71.1244,-34.7663],[-71.1258,-34.768],[-71.1305,-34.7681],[-71.1331,-34.7678],[-71.1345,-34.7683],[-71.1382,-34.768],[-71.1407,-34.7671],[-71.1426,-34.767],[-71.1439,-34.7681],[-71.1488,-34.7701],[-71.1509,-34.7698],[-71.1526,-34.7679],[-71.155,-34.7687],[-71.1573,-34.7705],[-71.159,-34.7711],[-71.1634,-34.7707],[-71.1649,-34.7715],[-71.1676,-34.7722],[-71.1701,-34.7697],[-71.175,-34.7698],[-71.1781,-34.7684],[-71.1806,-34.7657],[-71.1806,-34.7625],[-71.1799,-34.76],[-71.1845,-34.7583],[-71.185,-34.7546],[-71.1561,-34.7551],[-71.1547,-34.7555],[-71.1533,-34.7522],[-71.153,-34.7499],[-71.1546,-34.7455],[-71.1491,-34.7453],[-71.1505,-34.7429],[-71.1328,-34.7361],[-71.1326,-34.7346],[-71.1289,-34.7278],[-71.1275,-34.7258],[-71.1225,-34.7244],[-71.122,-34.7239],[-71.1212,-34.7197],[-71.1194,-34.7166],[-71.1175,-34.7159],[-71.113,-34.7148],[-71.11,-34.7133],[-71.1085,-34.7115],[-71.1081,-34.7099],[-71.1087,-34.7076],[-71.1118,-34.7039],[-71.1128,-34.7014],[-71.1131,-34.6972],[-71.1122,-34.6945],[-71.1094,-34.6949],[-71.1073,-34.694],[-71.105,-34.6922],[-71.1007,-34.6894],[-71.1002,-34.6869],[-71.0958,-34.6859],[-71.0927,-34.6847],[-71.0893,-34.6817],[-71.0876,-34.6806],[-71.0843,-34.6796],[-71.082,-34.6762],[-71.0791,-34.677],[-71.0758,-34.6768],[-71.0672,-34.678],[-71.0615,-34.6781],[-71.0623,-34.6747],[-71.0617,-34.674],[-71.0584,-34.673],[-71.0558,-34.6705],[-71.0519,-34.6674],[-71.0504,-34.6647],[-71.048,-34.6635],[-71.0474,-34.6623],[-71.0443,-34.6606],[-71.0419,-34.6598],[-71.041,-34.6587],[-71.0409,-34.6573],[-71.0385,-34.6546],[-71.0359,-34.6539],[-71.0312,-34.6521],[-71.0253,-34.6487],[-71.0235,-34.6471],[-71.0166,-34.6428],[-71.0145,-34.6404],[-71.0103,-34.6374],[-71.0098,-34.6354],[-71.0102,-34.6315],[-71.0112,-34.6298],[-71.0113,-34.6273],[-71.0141,-34.6253],[-71.0143,-34.6211],[-71.0155,-34.6184],[-71.0119,-34.617],[-71.0106,-34.6146],[-71.0117,-34.6107],[-71.0089,-34.6087],[-71.0077,-34.6073],[-71.0065,-34.608],[-71.0029,-34.6115],[-70.9996,-34.6127],[-70.9954,-34.6126],[-70.9932,-34.6144],[-70.9906,-34.6152],[-70.9883,-34.615],[-70.9849,-34.6163],[-70.9812,-34.6165],[-70.9792,-34.6179],[-70.9776,-34.6199],[-70.9743,-34.6209],[-70.9716,-34.6207],[-70.9693,-34.6219],[-70.9681,-34.6247],[-70.967,-34.6254],[-70.9633,-34.6254],[-70.9606,-34.6269],[-70.959,-34.6283],[-70.9578,-34.6305],[-70.9549,-34.6338],[-70.9517,-34.6352],[-70.9482,-34.6363],[-70.9471,-34.637],[-70.9456,-34.6394],[-70.9435,-34.6408],[-70.9416,-34.641],[-70.9392,-34.642],[-70.9364,-34.6455],[-70.934,-34.6456],[-70.9312,-34.6479],[-70.9261,-34.6482],[-70.9245,-34.6495],[-70.918,-34.6497],[-70.9167,-34.6508],[-70.9131,-34.652],[-70.9104,-34.6513],[-70.9072,-34.6514],[-70.9023,-34.653],[-70.9007,-34.6538],[-70.8951,-34.655],[-70.8924,-34.6566],[-70.8907,-34.6591],[-70.8903,-34.6618],[-70.8879,-34.6646],[-70.8828,-34.6689],[-70.8813,-34.6722],[-70.8797,-34.6765],[-70.8781,-34.6774],[-70.8774,-34.679],[-70.8781,-34.6814],[-70.8793,-34.6827],[-70.8795,-34.6842],[-70.8834,-34.6857],[-70.8858,-34.6916],[-70.8892,-34.6925],[-70.8923,-34.6951],[-70.8932,-34.6974],[-70.8931,-34.699],[-70.8921,-34.7014],[-70.8918,-34.7033],[-70.8922,-34.7049],[-70.8945,-34.7082],[-70.8953,-34.7109],[-70.8941,-34.7129],[-70.8939,-34.7154],[-70.8931,-34.7167],[-70.8913,-34.7175],[-70.8878,-34.7244],[-70.888,-34.7252],[-70.8903,-34.7288],[-70.8887,-34.7322],[-70.8886,-34.7356],[-70.8843,-34.7368],[-70.8787,-34.7402],[-70.8752,-34.7413],[-70.8738,-34.7425],[-70.8739,-34.7449],[-70.8693,-34.749],[-70.8684,-34.7503],[-70.8668,-34.7555],[-70.8671,-34.759],[-70.8666,-34.76],[-70.8636,-34.7622],[-70.8629,-34.7641],[-70.863,-34.7677],[-70.8591,-34.7687],[-70.8558,-34.7715],[-70.8544,-34.7717],[-70.8505,-34.7742],[-70.8499,-34.7755],[-70.8433,-34.7788],[-70.8386,-34.7795],[-70.837,-34.7804],[-70.8376,-34.7835],[-70.8369,-34.7863],[-70.8335,-34.7898],[-70.8344,-34.7959],[-70.8321,-34.8009],[-70.8314,-34.8038],[-70.8299,-34.8069],[-70.8304,-34.8123],[-70.8315,-34.8144],[-70.8315,-34.8157],[-70.8291,-34.8188],[-70.829,-34.8215],[-70.8258,-34.8245],[-70.8256,-34.8286],[-70.8234,-34.8331],[-70.8232,-34.8369],[-70.8216,-34.8387],[-70.818,-34.8441],[-70.8146,-34.8461],[-70.8153,-34.8501]]]},"properties":{"Comuna":"Chimbarongo","Provincia":"Colchagua","cod_comuna":6303}},{"type":"Feature","geometry":{"type":"Polygon","coordinates":[[[-71.6814,-34.8866],[-71.6815,-34.8872],[-71.6828,-34.8906],[-71.6848,-34.8918],[-71.6887,-34.8971],[-71.6886,-34.8972],[-71.6884,-34.8973],[-71.6881,-34.8973],[-71.6863,-34.8971],[-71.686,-34.897],[-71.6855,-34.897],[-71.685,-34.897],[-71.6842,-34.8968],[-71.6834,-34.8965],[-71.6821,-34.896],[-71.6818,-34.8959],[-71.6815,-34.8958],[-71.6806,-34.8963],[-71.6803,-34.8966],[-71.6788,-34.8976],[-71.6783,-34.8979],[-71.6779,-34.8983],[-71.6764,-34.9002],[-71.6759,-34.9005],[-71.6752,-34.901],[-71.6749,-34.9013],[-71.6741,-34.9022],[-71.6734,-34.9025],[-71.6696,-34.9026],[-71.6691,-34.9028],[-71.6675,-34.9045],[-71.6674,-34.9054],[-71.6674,-34.9057],[-71.6674,-34.9065],[-71.6674,-34.9091],[-71.6711,-34.9139],[-71.6713,-34.9148],[-71.6718,-34.9168],[-71.6735,-34.9212],[-71.6749,-34.9236],[-71.681,-34.9269],[-71.6866,-34.9293],[-71.6972,-34.934],[-71.6996,-34.9334],[-71.7027,-34.9343],[-71.7038,-34.9351],[-71.7076,-34.9368],[-71.7103,-34.9368],[-71.7108,-34.9346],[-71.7107,-34.9323],[-71.7095,-34.9291],[-71.7096,-34.9278],[-71.7133,-34.9237],[-71.7148,-34.9208],[-71.7147,-34.9176],[-71.7151,-34.9162],[-71.7194,-34.9143],[-71.7228,-34.9121],[-71.7247,-34.9119],[-71.726,-34.9129],[-71.7261,-34.9131],[-71.7285,-34.9095],[-71.7272,-34.9038],[-71.7302,-34.9019],[-71.7326,-34.8999],[-71.7324,-34.8983],[-71.7332,-34.8973],[-71.7356,-34.8962],[-71.7386,-34.8943],[-71.7418,-34.8907],[-71.7422,-34.8902],[-71.7437,-34.8891],[-71.7454,-34.8883],[-71.747,-34.8879],[-71.7478,-34.8877],[-71.7493,-34.8875],[-71.7527,-34.8863],[-71.7548,-34.8845],[-71.7582,-34.8782],[-71.7586,-34.8776],[-71.7597,-34.8741],[-71.7638,-34.8721],[-71.7681,-34.8666],[-71.7719,-34.8614],[-71.7731,-34.8575],[-71.7751,-34.8542],[-71.7742,-34.8514],[-71.7744,-34.847],[-71.7749,-34.8458],[-71.7767,-34.8439],[-71.7791,-34.8435],[-71.7817,-34.842],[-71.7844,-34.8399],[-71.7852,-34.8382],[-71.7872,-34.8372],[-71.7898,-34.8352],[-71.7919,-34.8326],[-71.7934,-34.8289],[-71.7946,-34.8277],[-71.7966,-34.8268],[-71.7949,-34.824],[-71.7923,-34.8215],[-71.7934,-34.8175],[-71.791,-34.8126],[-71.7888,-34.8116],[-71.7875,-34.8096],[-71.7877,-34.8068],[-71.787,-34.805],[-71.7832,-34.8039],[-71.7823,-34.8023],[-71.781,-34.7986],[-71.7822,-34.7982],[-71.7841,-34.7963],[-71.7845,-34.7945],[-71.7841,-34.7925],[-71.7829,-34.7904],[-71.7834,-34.7866],[-71.7855,-34.7774],[-71.7862,-34.7757],[-71.7858,-34.774],[-71.7843,-34.7716],[-71.7822,-34.7709],[-71.7808,-34.7694],[-71.7807,-34.7648],[-71.7871,-34.7555],[-71.7887,-34.7522],[-71.7883,-34.7513],[-71.7901,-34.7487],[-71.7902,-34.7476],[-71.7887,-34.7433],[-71.7894,-34.7415],[-71.7918,-34.7399],[-71.7943,-34.7402],[-71.7973,-34.7382],[-71.7991,-34.7385],[-71.8038,-34.7352],[-71.8049,-34.7341],[-71.8054,-34.73],[-71.8069,-34.7287],[-71.8075,-34.7267],[-71.8076,-34.7218],[-71.8071,-34.719],[-71.8092,-34.7172],[-71.8098,-34.715],[-71.8121,-34.7138],[-71.814,-34.7116],[-71.8156,-34.7114],[-71.8201,-34.7082],[-71.8226,-34.7053],[-71.8212,-34.7042],[-71.8204,-34.7017],[-71.8193,-34.7008],[-71.8191,-34.6983],[-71.8182,-34.6951],[-71.8188,-34.6925],[-71.8204,-34.6906],[-71.8201,-34.6895],[-71.8205,-34.6862],[-71.8218,-34.6839],[-71.8232,-34.6828],[-71.8253,-34.6777],[-71.8257,-34.6756],[-71.8269,-34.6739],[-71.8254,-34.6732],[-71.8221,-34.6692],[-71.8202,-34.6694],[-71.8179,-34.6712],[-71.8147,-34.6717],[-71.812,-34.6738],[-71.8073,-34.6748],[-71.8051,-34.6761],[-71.8021,-34.677],[-71.7969,-34.6779],[-71.792,-34.6796],[-71.7883,-34.6831],[-71.7843,-34.6883],[-71.7802,-34.6903],[-71.7776,-34.6925],[-71.7662,-34.6941],[-71.759,-34.6962],[-71.7571,-34.6955],[-71.7587,-34.6936],[-71.753,-34.6945],[-71.7491,-34.6931],[-71.7422,-34.6936],[-71.7401,-34.6942],[-71.7351,-34.6978],[-71.7323,-34.696],[-71.7317,-34.6945],[-71.7303,-34.6942],[-71.7268,-34.6965],[-71.7242,-34.6974],[-71.7202,-34.6964],[-71.7174,-34.6967],[-71.7146,-34.6965],[-71.7125,-34.6969],[-71.7097,-34.6967],[-71.7059,-34.6952],[-71.7015,-34.6957],[-71.7001,-34.6944],[-71.7,-34.6924],[-71.6978,-34.691],[-71.6947,-34.6853],[-71.6936,-34.6842],[-71.6936,-34.6791],[-71.6924,-34.6776],[-71.6893,-34.6765],[-71.6874,-34.6747],[-71.6875,-34.6733],[-71.6859,-34.6713],[-71.6827,-34.6716],[-71.6765,-34.6709],[-71.674,-34.6709],[-71.6715,-34.6721],[-71.6686,-34.6748],[-71.6643,-34.6745],[-71.6598,-34.6753],[-71.6574,-34.6761],[-71.6554,-34.6774],[-71.6522,-34.6775],[-71.6498,-34.6784],[-71.6441,-34.679],[-71.6413,-34.6773],[-71.6404,-34.6754],[-71.6403,-34.6737],[-71.6388,-34.6731],[-71.6347,-34.6727],[-71.6322,-34.671],[-71.6298,-34.6711],[-71.6285,-34.6724],[-71.6269,-34.6725],[-71.624,-34.6737],[-71.6197,-34.6763],[-71.6174,-34.677],[-71.612,-34.6771],[-71.6117,-34.6757],[-71.6097,-34.6756],[-71.6064,-34.6788],[-71.6041,-34.679],[-71.6021,-34.6778],[-71.5978,-34.6757],[-71.5969,-34.6712],[-71.5982,-34.6676],[-71.5982,-34.6651],[-71.5955,-34.6624],[-71.5948,-34.661],[-71.595,-34.659],[-71.5937,-34.6569],[-71.5931,-34.6544],[-71.59,-34.6528],[-71.5867,-34.6526],[-71.5856,-34.653],[-71.5814,-34.6535],[-71.5761,-34.6515],[-71.574,-34.649],[-71.5715,-34.6473],[-71.5715,-34.6456],[-71.5701,-34.6446],[-71.5667,-34.6412],[-71.566,-34.6392],[-71.5621,-34.6378],[-71.5593,-34.6362],[-71.5576,-34.637],[-71.5564,-34.6364],[-71.553,-34.6327],[-71.5507,-34.6326],[-71.5502,-34.6346],[-71.547,-34.6364],[-71.5442,-34.6372],[-71.5405,-34.6395],[-71.5382,-34.6393],[-71.5363,-34.637],[-71.5344,-34.6356],[-71.5305,-34.6354],[-71.5282,-34.6365],[-71.5251,-34.6363],[-71.5234,-34.6369],[-71.5188,-34.635],[-71.5176,-34.6342],[-71.514,-34.6334],[-71.5125,-34.632],[-71.5091,-34.6321],[-71.5065,-34.6339],[-71.5056,-34.6361],[-71.5055,-34.6383],[-71.5013,-34.6405],[-71.5001,-34.6428],[-71.5007,-34.6438],[-71.5,-34.6459],[-71.5009,-34.6505],[-71.5025,-34.6523],[-71.5018,-34.6567],[-71.4997,-34.6602],[-71.4999,-34.6616],[-71.5011,-34.6633],[-71.5021,-34.668],[-71.5039,-34.6701],[-71.504,-34.6712],[-71.5021,-34.6732],[-71.5011,-34.6729],[-71.4991,-34.6739],[-71.4954,-34.672],[-71.4938,-34.6748],[-71.494,-34.6756],[-71.4917,-34.6779],[-71.494,-34.6808],[-71.4938,-34.6817],[-71.4911,-34.6839],[-71.4909,-34.6852],[-71.4919,-34.687],[-71.4948,-34.6896],[-71.4944,-34.6919],[-71.4934,-34.6926],[-71.493,-34.6945],[-71.4936,-34.6965],[-71.4911,-34.6979],[-71.4902,-34.7005],[-71.4877,-34.701],[-71.486,-34.7025],[-71.4851,-34.7044],[-71.4851,-34.707],[-71.484,-34.7085],[-71.4865,-34.7126],[-71.4867,-34.715],[-71.4884,-34.7164],[-71.4936,-34.719],[-71.4962,-34.7201],[-71.499,-34.7225],[-71.4998,-34.7253],[-71.4996,-34.7293],[-71.4981,-34.732],[-71.4945,-34.7334],[-71.4922,-34.7332],[-71.4877,-34.7341],[-71.4842,-34.7367],[-71.4822,-34.7376],[-71.4806,-34.7404],[-71.4776,-34.7436],[-71.478,-34.7468],[-71.4808,-34.7527],[-71.4815,-34.7565],[-71.4825,-34.7589],[-71.4835,-34.7601],[-71.4855,-34.7634],[-71.4862,-34.7662],[-71.4883,-34.7675],[-71.4891,-34.7747],[-71.4925,-34.7738],[-71.4951,-34.7736],[-71.4984,-34.7744],[-71.5011,-34.7759],[-71.5035,-34.7777],[-71.5077,-34.7833],[-71.5108,-34.7879],[-71.5105,-34.791],[-71.5097,-34.7933],[-71.5173,-34.7945],[-71.5206,-34.7926],[-71.5239,-34.7938],[-71.5262,-34.7955],[-71.5276,-34.7956],[-71.5325,-34.7973],[-71.5359,-34.7992],[-71.5397,-34.7981],[-71.5461,-34.7979],[-71.5502,-34.8011],[-71.5519,-34.802],[-71.5555,-34.8029],[-71.5555,-34.806],[-71.5572,-34.8094],[-71.5588,-34.8092],[-71.5591,-34.8115],[-71.5586,-34.8129],[-71.5604,-34.8174],[-71.564,-34.8221],[-71.5687,-34.8294],[-71.5717,-34.8321],[-71.5711,-34.8359],[-71.5723,-34.8366],[-71.5707,-34.8388],[-71.5687,-34.8393],[-71.5682,-34.8422],[-71.5695,-34.8436],[-71.5686,-34.8447],[-71.5691,-34.8472],[-71.5699,-34.8482],[-71.568,-34.8511],[-71.5684,-34.8554],[-71.5666,-34.8541],[-71.5663,-34.8531],[-71.5626,-34.8513],[-71.5617,-34.8535],[-71.5577,-34.8551],[-71.5578,-34.8574],[-71.5558,-34.8599],[-71.5559,-34.8619],[-71.5535,-34.8627],[-71.5525,-34.8647],[-71.551,-34.8676],[-71.5485,-34.8707],[-71.5486,-34.8728],[-71.5487,-34.8743],[-71.5505,-34.8725],[-71.5529,-34.8718],[-71.5562,-34.8731],[-71.5593,-34.8736],[-71.5625,-34.8747],[-71.5646,-34.8763],[-71.5683,-34.8766],[-71.5712,-34.875],[-71.5725,-34.8738],[-71.5729,-34.8721],[-71.5724,-34.8699],[-71.5739,-34.8672],[-71.5769,-34.8673],[-71.579,-34.8679],[-71.5813,-34.8711],[-71.5832,-34.8732],[-71.5875,-34.8762],[-71.5889,-34.8796],[-71.5949,-34.8815],[-71.5974,-34.8827],[-71.5994,-34.8831],[-71.5999,-34.8832],[-71.5999,-34.8833],[-71.601,-34.8834],[-71.6023,-34.8834],[-71.6064,-34.8832],[-71.6086,-34.8825],[-71.6095,-34.8805],[-71.6065,-34.8748],[-71.6067,-34.8732],[-71.6097,-34.8714],[-71.6119,-34.8684],[-71.6131,-34.8674],[-71.6141,-34.8669],[-71.6152,-34.8671],[-71.6157,-34.8671],[-71.6209,-34.8643],[-71.6216,-34.8644],[-71.6222,-34.8646],[-71.6227,-34.865],[-71.6236,-34.8643],[-71.6234,-34.8639],[-71.6233,-34.8631],[-71.6236,-34.8625],[-71.6246,-34.862],[-71.6252,-34.8617],[-71.6258,-34.8616],[-71.6294,-34.8619],[-71.6319,-34.8617],[-71.6339,-34.8621],[-71.6366,-34.8618],[-71.6392,-34.8601],[-71.6413,-34.8608],[-71.6435,-34.8606],[-71.6461,-34.8585],[-71.6477,-34.8582],[-71.6539,-34.8578],[-71.657,-34.8549],[-71.6618,-34.8553],[-71.6627,-34.8562],[-71.6623,-34.8586],[-71.6632,-34.8611],[-71.6643,-34.8617],[-71.6647,-34.8635],[-71.6669,-34.8661],[-71.6667,-34.8679],[-71.6674,-34.871],[-71.6696,-34.873],[-71.6735,-34.8775],[-71.6746,-34.8781],[-71.6755,-34.8785],[-71.6767,-34.8788],[-71.678,-34.8792],[-71.6796,-34.8804],[-71.6798,-34.8808],[-71.6797,-34.8812],[-71.6815,-34.8832],[-71.682,-34.8848],[-71.6814,-34.8866]]]},"properties":{"Comuna":"Lolol","Provincia":"Colchagua","cod_comuna":6304}},{"type":"Feature","geometry":{"type":"Polygon","coordinates":[[[-71.3594,-34.8315],[-71.3601,-34.832],[-71.3644,-34.8327],[-71.3684,-34.8324],[-71.3739,-34.8336],[-71.3754,-34.8358],[-71.3768,-34.8386],[-71.3803,-34.8468],[-71.3827,-34.8484],[-71.3833,-34.8501],[-71.3801,-34.8535],[-71.3779,-34.8543],[-71.3777,-34.8552],[-71.3794,-34.8574],[-71.3809,-34.858],[-71.3833,-34.8621],[-71.3869,-34.8689],[-71.3874,-34.8742],[-71.3874,-34.8804],[-71.3869,-34.8866],[-71.3856,-34.8886],[-71.3828,-34.8914],[-71.3799,-34.8929],[-71.377,-34.8955],[-71.374,-34.8955],[-71.3706,-34.8946],[-71.3692,-34.8951],[-71.3693,-34.8975],[-71.3684,-34.8984],[-71.368,-34.8992],[-71.3678,-34.9002],[-71.3661,-34.9028],[-71.3656,-34.9043],[-71.3664,-34.9085],[-71.3663,-34.9087],[-71.3647,-34.9114],[-71.3653,-34.9127],[-71.3666,-34.9129],[-71.3702,-34.9108],[-71.3721,-34.9103],[-71.3742,-34.9107],[-71.3757,-34.9096],[-71.3776,-34.9094],[-71.3797,-34.91],[-71.385,-34.9077],[-71.3864,-34.9062],[-71.3872,-34.9051],[-71.3878,-34.9044],[-71.3883,-34.9039],[-71.3885,-34.9031],[-71.3886,-34.9022],[-71.3891,-34.9017],[-71.3905,-34.9001],[-71.3916,-34.8989],[-71.3926,-34.8979],[-71.3968,-34.8947],[-71.3975,-34.8944],[-71.3985,-34.8943],[-71.3998,-34.8944],[-71.4023,-34.8956],[-71.4036,-34.8972],[-71.4054,-34.8977],[-71.4064,-34.8974],[-71.4069,-34.8971],[-71.4077,-34.8968],[-71.4086,-34.8968],[-71.4091,-34.8971],[-71.41,-34.8976],[-71.4112,-34.8981],[-71.4119,-34.8986],[-71.4124,-34.899],[-71.413,-34.8999],[-71.4134,-34.9007],[-71.414,-34.9017],[-71.4146,-34.9025],[-71.4153,-34.903],[-71.4165,-34.904],[-71.4174,-34.9046],[-71.4198,-34.9047],[-71.4217,-34.9041],[-71.4223,-34.9017],[-71.4217,-34.9011],[-71.4211,-34.9006],[-71.4204,-34.8991],[-71.4203,-34.8977],[-71.4212,-34.8962],[-71.4216,-34.8956],[-71.422,-34.8944],[-71.4221,-34.8934],[-71.4222,-34.8926],[-71.4237,-34.8911],[-71.4251,-34.8905],[-71.4256,-34.8899],[-71.4254,-34.8868],[-71.4256,-34.8861],[-71.4261,-34.8856],[-71.4267,-34.8851],[-71.4279,-34.8848],[-71.4338,-34.8849],[-71.4363,-34.8829],[-71.4365,-34.8826],[-71.4367,-34.8818],[-71.4368,-34.8812],[-71.4377,-34.8801],[-71.4398,-34.88],[-71.4435,-34.881],[-71.4441,-34.8813],[-71.4449,-34.8816],[-71.4508,-34.8866],[-71.4515,-34.8876],[-71.4524,-34.8893],[-71.4531,-34.8915],[-71.4526,-34.8925],[-71.4529,-34.8942],[-71.4538,-34.8948],[-71.4565,-34.8956],[-71.4581,-34.8969],[-71.4588,-34.8986],[-71.4597,-34.8994],[-71.4617,-34.9006],[-71.4654,-34.9005],[-71.4676,-34.8995],[-71.4699,-34.8986],[-71.473,-34.8971],[-71.4777,-34.8968],[-71.4798,-34.8949],[-71.4809,-34.8937],[-71.4818,-34.8927],[-71.4837,-34.8915],[-71.4856,-34.8921],[-71.4863,-34.8919],[-71.4877,-34.8928],[-71.4881,-34.8932],[-71.4896,-34.8926],[-71.4901,-34.8918],[-71.491,-34.8912],[-71.4925,-34.8921],[-71.4933,-34.8926],[-71.4971,-34.8915],[-71.4981,-34.8909],[-71.4997,-34.89],[-71.5005,-34.8881],[-71.5008,-34.8877],[-71.5016,-34.8869],[-71.5023,-34.8865],[-71.5031,-34.8861],[-71.5036,-34.8855],[-71.504,-34.8853],[-71.5042,-34.8845],[-71.5057,-34.8819],[-71.5064,-34.8814],[-71.5097,-34.8805],[-71.5116,-34.8794],[-71.5128,-34.8771],[-71.5156,-34.8757],[-71.5203,-34.8763],[-71.5206,-34.8763],[-71.5237,-34.8763],[-71.5256,-34.8763],[-71.5267,-34.8763],[-71.5275,-34.8757],[-71.5294,-34.8728],[-71.5303,-34.8723],[-71.5342,-34.8696],[-71.536,-34.8698],[-71.5383,-34.8727],[-71.5422,-34.8759],[-71.5467,-34.876],[-71.5474,-34.8755],[-71.5479,-34.8748],[-71.5482,-34.8744],[-71.5486,-34.8728],[-71.5485,-34.8707],[-71.551,-34.8676],[-71.5525,-34.8647],[-71.5535,-34.8627],[-71.5559,-34.8619],[-71.5558,-34.8599],[-71.5578,-34.8574],[-71.5577,-34.8551],[-71.5617,-34.8535],[-71.5626,-34.8513],[-71.5663,-34.8531],[-71.5666,-34.8541],[-71.5684,-34.8554],[-71.568,-34.8511],[-71.5699,-34.8482],[-71.5691,-34.8472],[-71.5686,-34.8447],[-71.5695,-34.8436],[-71.5682,-34.8422],[-71.5687,-34.8393],[-71.5707,-34.8388],[-71.5723,-34.8366],[-71.5711,-34.8359],[-71.5717,-34.8321],[-71.5687,-34.8294],[-71.564,-34.8221],[-71.5604,-34.8174],[-71.5586,-34.8129],[-71.5591,-34.8115],[-71.5588,-34.8092],[-71.5572,-34.8094],[-71.5555,-34.806],[-71.5555,-34.8029],[-71.5519,-34.802],[-71.5502,-34.8011],[-71.5461,-34.7979],[-71.5397,-34.7981],[-71.5359,-34.7992],[-71.5325,-34.7973],[-71.5276,-34.7956],[-71.5262,-34.7955],[-71.5239,-34.7938],[-71.5206,-34.7926],[-71.5173,-34.7945],[-71.5097,-34.7933],[-71.5105,-34.791],[-71.5108,-34.7879],[-71.5077,-34.7833],[-71.5035,-34.7777],[-71.5011,-34.7759],[-71.4984,-34.7744],[-71.4951,-34.7736],[-71.4925,-34.7738],[-71.4891,-34.7747],[-71.4883,-34.7675],[-71.4862,-34.7662],[-71.4855,-34.7634],[-71.4835,-34.7601],[-71.4825,-34.7589],[-71.4815,-34.7565],[-71.4808,-34.7527],[-71.478,-34.7468],[-71.4776,-34.7436],[-71.4753,-34.7437],[-71.4699,-34.7431],[-71.4662,-34.7437],[-71.4631,-34.7434],[-71.461,-34.7445],[-71.4572,-34.745],[-71.4554,-34.7474],[-71.4536,-34.7481],[-71.4519,-34.7476],[-71.4489,-34.749],[-71.4442,-34.7501],[-71.4387,-34.7541],[-71.4375,-34.7538],[-71.4345,-34.7547],[-71.4324,-34.7562],[-71.4311,-34.7536],[-71.4269,-34.7489],[-71.4255,-34.7448],[-71.4233,-34.742],[-71.4246,-34.7398],[-71.4248,-34.7384],[-71.4238,-34.7377],[-71.424,-34.7341],[-71.4221,-34.7329],[-71.4194,-34.7322],[-71.4168,-34.7328],[-71.4125,-34.732],[-71.4065,-34.7328],[-71.404,-34.7328],[-71.4036,-34.7355],[-71.3996,-34.7377],[-71.3975,-34.7402],[-71.3955,-34.7404],[-71.3916,-34.7396],[-71.3896,-34.7418],[-71.391,-34.7446],[-71.3886,-34.7475],[-71.3841,-34.7467],[-71.3822,-34.7458],[-71.3823,-34.745],[-71.3803,-34.7419],[-71.3787,-34.7385],[-71.3774,-34.7366],[-71.3768,-34.7343],[-71.3751,-34.7329],[-71.3748,-34.7301],[-71.3717,-34.7266],[-71.3706,-34.7266],[-71.366,-34.7249],[-71.3618,-34.7247],[-71.3595,-34.724],[-71.3564,-34.7222],[-71.3515,-34.7183],[-71.35,-34.7159],[-71.3401,-34.7189],[-71.3317,-34.7161],[-71.3321,-34.7139],[-71.33,-34.7121],[-71.3256,-34.7101],[-71.3243,-34.7104],[-71.3217,-34.7096],[-71.3191,-34.7079],[-71.3138,-34.7065],[-71.3127,-34.7059],[-71.3093,-34.7013],[-71.3072,-34.7041],[-71.3062,-34.7065],[-71.3062,-34.7079],[-71.3049,-34.709],[-71.3034,-34.7083],[-71.3016,-34.7084],[-71.3003,-34.7076],[-71.2979,-34.7042],[-71.2958,-34.7006],[-71.2938,-34.6995],[-71.2908,-34.6996],[-71.2844,-34.6986],[-71.2839,-34.697],[-71.2838,-34.6939],[-71.2823,-34.6916],[-71.2812,-34.6923],[-71.2787,-34.6903],[-71.2728,-34.6861],[-71.276,-34.6845],[-71.2771,-34.6828],[-71.2754,-34.6816],[-71.2752,-34.6807],[-71.2765,-34.6787],[-71.2803,-34.6767],[-71.2806,-34.6762],[-71.279,-34.674],[-71.278,-34.6747],[-71.2745,-34.6715],[-71.275,-34.6712],[-71.2746,-34.6712],[-71.2719,-34.6711],[-71.2731,-34.6728],[-71.2754,-34.6744],[-71.2737,-34.6749],[-71.2707,-34.6751],[-71.2694,-34.6762],[-71.2693,-34.6779],[-71.2679,-34.6789],[-71.2669,-34.6782],[-71.2661,-34.676],[-71.2649,-34.6755],[-71.2619,-34.6764],[-71.2588,-34.6765],[-71.2571,-34.6772],[-71.2574,-34.6781],[-71.2543,-34.6779],[-71.2519,-34.6788],[-71.2502,-34.6803],[-71.2463,-34.6826],[-71.2472,-34.6839],[-71.2488,-34.6847],[-71.2473,-34.6858],[-71.2438,-34.6854],[-71.2424,-34.6864],[-71.2411,-34.6885],[-71.2367,-34.6887],[-71.2338,-34.6898],[-71.2328,-34.6913],[-71.2315,-34.6915],[-71.2285,-34.6907],[-71.2266,-34.6922],[-71.2255,-34.6939],[-71.2235,-34.6956],[-71.2192,-34.6977],[-71.2179,-34.6995],[-71.2159,-34.7004],[-71.2152,-34.702],[-71.2134,-34.702],[-71.2118,-34.7007],[-71.2095,-34.7009],[-71.2092,-34.7019],[-71.2039,-34.707],[-71.2034,-34.708],[-71.1982,-34.7128],[-71.1889,-34.7158],[-71.1858,-34.7156],[-71.1848,-34.7176],[-71.1825,-34.7187],[-71.1803,-34.7242],[-71.1772,-34.725],[-71.1768,-34.7256],[-71.178,-34.7295],[-71.1774,-34.73],[-71.1748,-34.7297],[-71.1742,-34.7319],[-71.1767,-34.7341],[-71.1781,-34.7372],[-71.1775,-34.739],[-71.1785,-34.7415],[-71.1798,-34.7426],[-71.1772,-34.7433],[-71.1772,-34.7444],[-71.1786,-34.7461],[-71.1825,-34.7482],[-71.1855,-34.749],[-71.186,-34.7504],[-71.1853,-34.7513],[-71.1858,-34.7528],[-71.185,-34.7546],[-71.1845,-34.7583],[-71.1799,-34.76],[-71.1806,-34.7625],[-71.1806,-34.7657],[-71.1781,-34.7684],[-71.175,-34.7698],[-71.1701,-34.7697],[-71.1676,-34.7722],[-71.1649,-34.7715],[-71.1634,-34.7707],[-71.159,-34.7711],[-71.1573,-34.7705],[-71.155,-34.7687],[-71.1526,-34.7679],[-71.1509,-34.7698],[-71.1488,-34.7701],[-71.1439,-34.7681],[-71.1426,-34.767],[-71.1407,-34.7671],[-71.1382,-34.768],[-71.1345,-34.7683],[-71.1331,-34.7678],[-71.1305,-34.7681],[-71.1258,-34.768],[-71.1244,-34.7663],[-71.1232,-34.7658],[-71.1207,-34.7663],[-71.1186,-34.766],[-71.1162,-34.7669],[-71.1178,-34.7693],[-71.1177,-34.771],[-71.1213,-34.7749],[-71.125,-34.7775],[-71.124,-34.7816],[-71.1228,-34.7841],[-71.1286,-34.7858],[-71.1349,-34.7864],[-71.1359,-34.7867],[-71.1368,-34.7872],[-71.1378,-34.7901],[-71.1388,-34.7906],[-71.143,-34.7895],[-71.1467,-34.7916],[-71.1503,-34.7942],[-71.1491,-34.7952],[-71.1506,-34.7978],[-71.1526,-34.7992],[-71.1532,-34.7995],[-71.1543,-34.7999],[-71.1551,-34.7998],[-71.156,-34.7994],[-71.1568,-34.7991],[-71.1599,-34.8],[-71.161,-34.8003],[-71.1687,-34.8017],[-71.1695,-34.8016],[-71.1703,-34.8013],[-71.1712,-34.8013],[-71.1741,-34.8017],[-71.1761,-34.802],[-71.1774,-34.8025],[-71.1789,-34.8041],[-71.179,-34.8048],[-71.1805,-34.8061],[-71.181,-34.8061],[-71.1811,-34.806],[-71.1831,-34.8046],[-71.1837,-34.804],[-71.185,-34.8036],[-71.1891,-34.8044],[-71.1894,-34.806],[-71.1909,-34.8103],[-71.1914,-34.8127],[-71.1926,-34.8152],[-71.1944,-34.8218],[-71.1955,-34.8229],[-71.199,-34.8247],[-71.2008,-34.8277],[-71.2029,-34.8283],[-71.204,-34.8299],[-71.2071,-34.8321],[-71.2104,-34.8337],[-71.2128,-34.8353],[-71.2166,-34.8333],[-71.2174,-34.8338],[-71.22,-34.8343],[-71.2253,-34.8301],[-71.2296,-34.8279],[-71.2311,-34.8259],[-71.2361,-34.8263],[-71.239,-34.8269],[-71.2447,-34.8276],[-71.2493,-34.827],[-71.256,-34.8244],[-71.2593,-34.8245],[-71.2602,-34.8244],[-71.2628,-34.8231],[-71.2634,-34.8217],[-71.2627,-34.8184],[-71.2631,-34.8166],[-71.2623,-34.8151],[-71.2634,-34.8111],[-71.2652,-34.8076],[-71.2661,-34.8033],[-71.2663,-34.7991],[-71.2685,-34.797],[-71.2706,-34.7962],[-71.2727,-34.7963],[-71.2764,-34.7952],[-71.2777,-34.7927],[-71.2789,-34.7917],[-71.2808,-34.7923],[-71.2848,-34.7946],[-71.2884,-34.7946],[-71.2925,-34.7967],[-71.2947,-34.7972],[-71.2982,-34.7951],[-71.3022,-34.7952],[-71.307,-34.7984],[-71.3089,-34.8015],[-71.3137,-34.8018],[-71.3143,-34.8025],[-71.312,-34.8057],[-71.3121,-34.81],[-71.3141,-34.8117],[-71.3162,-34.816],[-71.3216,-34.8192],[-71.3223,-34.8202],[-71.3249,-34.8214],[-71.3313,-34.8231],[-71.3323,-34.825],[-71.3338,-34.8257],[-71.3365,-34.8284],[-71.3384,-34.8289],[-71.3409,-34.8306],[-71.3427,-34.8311],[-71.3472,-34.8308],[-71.3486,-34.8297],[-71.3529,-34.8282],[-71.3562,-34.8261],[-71.3579,-34.8263],[-71.3586,-34.8273],[-71.3586,-34.8306],[-71.3594,-34.8315]]]},"properties":{"Comuna":"Chépica","Provincia":"Colchagua","cod_comuna":6302}},{"type":"Feature","geometry":{"type":"Polygon","coordinates":[[[-70.365,-35.0053],[-70.3667,-35.0052],[-70.3712,-35.0021],[-70.3728,-35.001],[-70.3773,-34.998],[-70.3786,-34.9982],[-70.381,-34.9998],[-70.388,-34.9986],[-70.3897,-34.9987],[-70.3913,-34.9972],[-70.3925,-34.9947],[-70.3932,-34.9934],[-70.395,-34.9916],[-70.3992,-34.9909],[-70.4007,-34.9888],[-70.4055,-34.9874],[-70.4106,-34.9847],[-70.4135,-34.9846],[-70.4153,-34.9837],[-70.4172,-34.9837],[-70.4183,-34.9854],[-70.4204,-34.9859],[-70.424,-34.9873],[-70.4257,-34.9873],[-70.4291,-34.9887],[-70.4377,-34.9897],[-70.4403,-34.9895],[-70.4423,-34.99],[-70.4482,-34.9901],[-70.453,-34.9895],[-70.4562,-34.9897],[-70.4602,-34.9909],[-70.4631,-34.9904],[-70.4655,-34.9906],[-70.4672,-34.9915],[-70.4688,-34.9933],[-70.4737,-34.9942],[-70.4777,-34.9942],[-70.479,-34.9916],[-70.4795,-34.9872],[-70.4804,-34.9856],[-70.4841,-34.9837],[-70.4859,-34.9824],[-70.4863,-34.9797],[-70.4873,-34.9759],[-70.4926,-34.9737],[-70.496,-34.9728],[-70.4996,-34.9708],[-70.5058,-34.9717],[-70.5084,-34.9711],[-70.5112,-34.9719],[-70.5143,-34.9696],[-70.5146,-34.9687],[-70.5178,-34.9672],[-70.5208,-34.9671],[-70.5252,-34.9654],[-70.5262,-34.9646],[-70.5252,-34.9627],[-70.5251,-34.9611],[-70.524,-34.9588],[-70.5244,-34.9546],[-70.5237,-34.9516],[-70.525,-34.9512],[-70.5292,-34.9516],[-70.5316,-34.9509],[-70.5365,-34.9511],[-70.5372,-34.9506],[-70.5377,-34.9506],[-70.5389,-34.9494],[-70.539,-34.9491],[-70.5392,-34.9486],[-70.5396,-34.9479],[-70.5391,-34.9469],[-70.5386,-34.9456],[-70.5393,-34.9444],[-70.5403,-34.9435],[-70.5403,-34.9429],[-70.5395,-34.9414],[-70.5391,-34.9393],[-70.5398,-34.9388],[-70.5411,-34.9375],[-70.5407,-34.9352],[-70.5409,-34.9344],[-70.5433,-34.934],[-70.5437,-34.934],[-70.5487,-34.9355],[-70.5498,-34.9367],[-70.5501,-34.9375],[-70.5521,-34.9378],[-70.5544,-34.9395],[-70.5579,-34.9393],[-70.5601,-34.9401],[-70.5626,-34.9404],[-70.5647,-34.9399],[-70.5661,-34.9392],[-70.5683,-34.9397],[-70.5685,-34.9398],[-70.5707,-34.9435],[-70.5709,-34.9448],[-70.5694,-34.9473],[-70.5682,-34.9508],[-70.5681,-34.9526],[-70.569,-34.9535],[-70.5692,-34.9538],[-70.5715,-34.9551],[-70.5718,-34.9552],[-70.5739,-34.9557],[-70.5743,-34.9558],[-70.5775,-34.9564],[-70.5795,-34.9564],[-70.5818,-34.9568],[-70.5835,-34.9574],[-70.5846,-34.9582],[-70.5854,-34.9613],[-70.5861,-34.9617],[-70.5891,-34.9607],[-70.5894,-34.9605],[-70.5897,-34.9604],[-70.5931,-34.9587],[-70.5958,-34.9574],[-70.5983,-34.9569],[-70.6011,-34.9573],[-70.6037,-34.9584],[-70.6045,-34.9589],[-70.6068,-34.959],[-70.6086,-34.959],[-70.6108,-34.9596],[-70.6137,-34.9603],[-70.6149,-34.9608],[-70.6157,-34.9629],[-70.6152,-34.9662],[-70.6156,-34.9679],[-70.6168,-34.9695],[-70.6176,-34.9707],[-70.6175,-34.9735],[-70.616,-34.9762],[-70.6181,-34.9773],[-70.6192,-34.9806],[-70.6183,-34.9831],[-70.6186,-34.9858],[-70.6206,-34.9875],[-70.6223,-34.9876],[-70.6248,-34.9844],[-70.629,-34.9821],[-70.6321,-34.9814],[-70.6358,-34.9796],[-70.6381,-34.9768],[-70.641,-34.975],[-70.6456,-34.9743],[-70.6489,-34.9709],[-70.6513,-34.9703],[-70.6548,-34.9683],[-70.6581,-34.967],[-70.6615,-34.9661],[-70.6625,-34.9649],[-70.6667,-34.9621],[-70.6669,-34.9595],[-70.6669,-34.9592],[-70.6665,-34.9562],[-70.6667,-34.955],[-70.667,-34.9519],[-70.6684,-34.9487],[-70.6689,-34.9457],[-70.6707,-34.9445],[-70.6709,-34.9436],[-70.6718,-34.9418],[-70.6721,-34.9416],[-70.6727,-34.9414],[-70.6744,-34.9366],[-70.676,-34.9354],[-70.6775,-34.9344],[-70.6813,-34.9301],[-70.682,-34.9298],[-70.6835,-34.9282],[-70.6839,-34.9275],[-70.6848,-34.9259],[-70.6859,-34.9239],[-70.6861,-34.9239],[-70.6895,-34.9237],[-70.6923,-34.9243],[-70.6948,-34.9258],[-70.6978,-34.9233],[-70.7012,-34.9185],[-70.7025,-34.9175],[-70.7067,-34.9162],[-70.7094,-34.9159],[-70.7113,-34.9147],[-70.7125,-34.9121],[-70.7129,-34.9101],[-70.7133,-34.9055],[-70.7135,-34.9036],[-70.7146,-34.9024],[-70.7183,-34.8997],[-70.7206,-34.8975],[-70.7217,-34.897],[-70.7224,-34.8964],[-70.7226,-34.8961],[-70.7257,-34.8946],[-70.7319,-34.8931],[-70.7386,-34.8909],[-70.7401,-34.8896],[-70.7411,-34.8871],[-70.7432,-34.8854],[-70.7481,-34.8847],[-70.7484,-34.8846],[-70.7488,-34.8843],[-70.75,-34.8829],[-70.7502,-34.8793],[-70.7504,-34.8766],[-70.7511,-34.8751],[-70.7551,-34.8738],[-70.7566,-34.8728],[-70.7586,-34.872],[-70.7601,-34.8691],[-70.7602,-34.8687],[-70.7607,-34.8664],[-70.7632,-34.8645],[-70.7663,-34.8625],[-70.7675,-34.8609],[-70.7699,-34.8595],[-70.7721,-34.8587],[-70.7779,-34.8577],[-70.7843,-34.8587],[-70.7847,-34.8587],[-70.7877,-34.8602],[-70.7896,-34.8601],[-70.7931,-34.8576],[-70.7943,-34.8549],[-70.7958,-34.8535],[-70.7975,-34.8529],[-70.8033,-34.8544],[-70.8074,-34.8521],[-70.8107,-34.8527],[-70.8118,-34.8536],[-70.815,-34.8511],[-70.8153,-34.8501],[-70.8153,-34.8501],[-70.8146,-34.8461],[-70.818,-34.8441],[-70.8216,-34.8387],[-70.8232,-34.8369],[-70.8234,-34.8331],[-70.8256,-34.8286],[-70.8258,-34.8245],[-70.829,-34.8215],[-70.8291,-34.8188],[-70.8315,-34.8157],[-70.8315,-34.8144],[-70.8304,-34.8123],[-70.8299,-34.8069],[-70.8314,-34.8038],[-70.8321,-34.8009],[-70.8344,-34.7959],[-70.8335,-34.7898],[-70.8369,-34.7863],[-70.8376,-34.7835],[-70.837,-34.7804],[-70.8386,-34.7795],[-70.8433,-34.7788],[-70.8499,-34.7755],[-70.8505,-34.7742],[-70.8544,-34.7717],[-70.8558,-34.7715],[-70.8591,-34.7687],[-70.863,-34.7677],[-70.8629,-34.7641],[-70.8636,-34.7622],[-70.8666,-34.76],[-70.8671,-34.759],[-70.8668,-34.7555],[-70.8684,-34.7503],[-70.8693,-34.749],[-70.8739,-34.7449],[-70.8738,-34.7425],[-70.8752,-34.7413],[-70.8787,-34.7402],[-70.8843,-34.7368],[-70.8886,-34.7356],[-70.8887,-34.7322],[-70.8903,-34.7288],[-70.888,-34.7252],[-70.8878,-34.7244],[-70.8913,-34.7175],[-70.8931,-34.7167],[-70.8939,-34.7154],[-70.8941,-34.7129],[-70.8953,-34.7109],[-70.8945,-34.7082],[-70.8922,-34.7049],[-70.8918,-34.7033],[-70.8921,-34.7014],[-70.8931,-34.699],[-70.8932,-34.6974],[-70.8923,-34.6951],[-70.8892,-34.6925],[-70.8858,-34.6916],[-70.8834,-34.6857],[-70.8795,-34.6842],[-70.8793,-34.6827],[-70.8781,-34.6814],[-70.8774,-34.679],[-70.8781,-34.6774],[-70.8797,-34.6765],[-70.8813,-34.6722],[-70.8828,-34.6689],[-70.8879,-34.6646],[-70.8903,-34.6618],[-70.8907,-34.6591],[-70.8924,-34.6566],[-70.8951,-34.655],[-70.9007,-34.6538],[-70.9023,-34.653],[-70.9072,-34.6514],[-70.9104,-34.6513],[-70.9131,-34.652],[-70.9167,-34.6508],[-70.918,-34.6497],[-70.9245,-34.6495],[-70.9261,-34.6482],[-70.9312,-34.6479],[-70.934,-34.6456],[-70.9364,-34.6455],[-70.9392,-34.642],[-70.9416,-34.641],[-70.9435,-34.6408],[-70.9456,-34.6394],[-70.9471,-34.637],[-70.9482,-34.6363],[-70.9517,-34.6352],[-70.9549,-34.6338],[-70.9578,-34.6305],[-70.959,-34.6283],[-70.9606,-34.6269],[-70.9633,-34.6254],[-70.967,-34.6254],[-70.9681,-34.6247],[-70.9693,-34.6219],[-70.9716,-34.6207],[-70.9743,-34.6209],[-70.9776,-34.6199],[-70.9792,-34.6179],[-70.9812,-34.6165],[-70.9849,-34.6163],[-70.9883,-34.615],[-70.9906,-34.6152],[-70.9932,-34.6144],[-70.9954,-34.6126],[-70.9996,-34.6127],[-71.0029,-34.6115],[-71.0065,-34.608],[-71.0077,-34.6073],[-71.0105,-34.6055],[-71.0138,-34.604],[-71.0174,-34.6006],[-71.0197,-34.5994],[-71.0265,-34.5982],[-71.0285,-34.5972],[-71.0326,-34.5975],[-71.0378,-34.596],[-71.0429,-34.5925],[-71.0463,-34.5914],[-71.0464,-34.5875],[-71.0473,-34.5853],[-71.047,-34.5823],[-71.0452,-34.5797],[-71.0439,-34.5761],[-71.0425,-34.5752],[-71.0434,-34.5732],[-71.0427,-34.5716],[-71.0428,-34.5697],[-71.0409,-34.5664],[-71.0395,-34.5649],[-71.0344,-34.5622],[-71.0354,-34.5601],[-71.0356,-34.5567],[-71.0348,-34.5552],[-71.0328,-34.5529],[-71.0328,-34.5509],[-71.0311,-34.548],[-71.0307,-34.5454],[-71.0291,-34.5422],[-71.026,-34.5384],[-71.0243,-34.5374],[-71.0194,-34.5327],[-71.0161,-34.5288],[-71.0149,-34.5266],[-71.0127,-34.52],[-71.0074,-34.515],[-71.0053,-34.5143],[-71.0035,-34.5147],[-71.002,-34.5173],[-70.9975,-34.5191],[-70.9952,-34.5206],[-70.9934,-34.5204],[-70.9875,-34.517],[-70.9846,-34.5162],[-70.9801,-34.5172],[-70.9771,-34.5173],[-70.9744,-34.5156],[-70.9698,-34.5142],[-70.9667,-34.5157],[-70.9597,-34.5171],[-70.9569,-34.5174],[-70.9557,-34.5158],[-70.9534,-34.5138],[-70.9515,-34.5099],[-70.9511,-34.5083],[-70.9512,-34.5057],[-70.9447,-34.5014],[-70.9438,-34.4985],[-70.9413,-34.4971],[-70.9388,-34.4964],[-70.9351,-34.4959],[-70.9297,-34.4934],[-70.9249,-34.492],[-70.923,-34.4895],[-70.922,-34.4862],[-70.9197,-34.4852],[-70.9153,-34.4852],[-70.912,-34.4832],[-70.909,-34.481],[-70.9063,-34.4805],[-70.9051,-34.479],[-70.905,-34.4774],[-70.9022,-34.4795],[-70.901,-34.4845],[-70.8998,-34.4859],[-70.8983,-34.4865],[-70.8972,-34.489],[-70.8963,-34.4899],[-70.8961,-34.4937],[-70.8925,-34.4958],[-70.8908,-34.4973],[-70.8854,-34.4988],[-70.8814,-34.4991],[-70.8767,-34.4988],[-70.8731,-34.4992],[-70.8674,-34.4964],[-70.8652,-34.497],[-70.8626,-34.4985],[-70.8614,-34.4997],[-70.8621,-34.5051],[-70.8596,-34.5082],[-70.8566,-34.5105],[-70.8539,-34.5132],[-70.8532,-34.5145],[-70.8509,-34.5163],[-70.8502,-34.5195],[-70.8479,-34.5221],[-70.8466,-34.5224],[-70.8405,-34.5261],[-70.8369,-34.5267],[-70.8313,-34.529],[-70.8285,-34.5293],[-70.8248,-34.5309],[-70.8232,-34.5328],[-70.8199,-34.5349],[-70.8177,-34.5375],[-70.8161,-34.5384],[-70.8162,-34.5407],[-70.8138,-34.5425],[-70.8107,-34.5473],[-70.8098,-34.55],[-70.8058,-34.5528],[-70.8031,-34.553],[-70.7998,-34.5524],[-70.7974,-34.5524],[-70.7931,-34.5533],[-70.7896,-34.5527],[-70.7858,-34.5501],[-70.7822,-34.5515],[-70.7785,-34.5549],[-70.7764,-34.5562],[-70.7749,-34.5587],[-70.7743,-34.5632],[-70.7738,-34.5643],[-70.7696,-34.5643],[-70.7675,-34.5666],[-70.7646,-34.5677],[-70.7633,-34.5694],[-70.7614,-34.5701],[-70.7608,-34.5715],[-70.757,-34.5713],[-70.7554,-34.572],[-70.7527,-34.5722],[-70.749,-34.5708],[-70.7479,-34.5683],[-70.7459,-34.5665],[-70.7423,-34.5654],[-70.7373,-34.5661],[-70.7366,-34.5673],[-70.7367,-34.5693],[-70.7347,-34.5725],[-70.7354,-34.5758],[-70.7324,-34.577],[-70.7305,-34.5765],[-70.7288,-34.5781],[-70.7273,-34.5778],[-70.7254,-34.5751],[-70.7223,-34.5727],[-70.7176,-34.5682],[-70.7169,-34.5619],[-70.7149,-34.5602],[-70.7119,-34.5545],[-70.7117,-34.5531],[-70.7089,-34.5502],[-70.7044,-34.5542],[-70.7037,-34.5544],[-70.7007,-34.5527],[-70.695,-34.5505],[-70.6904,-34.5513],[-70.6876,-34.551],[-70.6854,-34.5502],[-70.6824,-34.5498],[-70.6745,-34.5465],[-70.6682,-34.5477],[-70.6607,-34.5483],[-70.6568,-34.55],[-70.6563,-34.552],[-70.6548,-34.5536],[-70.6493,-34.5584],[-70.6467,-34.559],[-70.6451,-34.5615],[-70.6447,-34.5641],[-70.645,-34.5676],[-70.6421,-34.5735],[-70.6408,-34.5756],[-70.6408,-34.5769],[-70.6427,-34.5802],[-70.6424,-34.5838],[-70.6438,-34.5862],[-70.644,-34.5895],[-70.645,-34.5911],[-70.6436,-34.592],[-70.6421,-34.5916],[-70.6355,-34.5918],[-70.6309,-34.5941],[-70.6267,-34.595],[-70.6277,-34.591],[-70.6273,-34.5892],[-70.6253,-34.5854],[-70.6239,-34.585],[-70.621,-34.5856],[-70.6186,-34.5854],[-70.6164,-34.5842],[-70.6137,-34.5843],[-70.6102,-34.5838],[-70.6057,-34.5827],[-70.6018,-34.5813],[-70.5981,-34.5784],[-70.595,-34.5784],[-70.5905,-34.5771],[-70.5857,-34.5775],[-70.5827,-34.5766],[-70.5768,-34.577],[-70.5742,-34.578],[-70.5727,-34.5801],[-70.5709,-34.5812],[-70.5661,-34.5813],[-70.5625,-34.583],[-70.5602,-34.5835],[-70.5599,-34.5845],[-70.5581,-34.5859],[-70.5561,-34.5866],[-70.5532,-34.5888],[-70.5505,-34.593],[-70.5499,-34.5946],[-70.5482,-34.5963],[-70.5455,-34.5965],[-70.5417,-34.598],[-70.5401,-34.5992],[-70.5386,-34.6012],[-70.5364,-34.6028],[-70.5299,-34.6046],[-70.5271,-34.606],[-70.5238,-34.6083],[-70.522,-34.6087],[-70.5207,-34.6062],[-70.5191,-34.604],[-70.5175,-34.6028],[-70.5149,-34.5984],[-70.5133,-34.5968],[-70.5111,-34.5965],[-70.5024,-34.5974],[-70.4973,-34.5967],[-70.4943,-34.5977],[-70.4915,-34.6004],[-70.4895,-34.603],[-70.4859,-34.6061],[-70.4836,-34.607],[-70.4816,-34.6047],[-70.4767,-34.6012],[-70.4731,-34.5999],[-70.4719,-34.5978],[-70.4715,-34.5951],[-70.468,-34.5898],[-70.4641,-34.5902],[-70.462,-34.5897],[-70.4589,-34.5902],[-70.4543,-34.5906],[-70.4508,-34.5902],[-70.4477,-34.5878],[-70.4431,-34.5866],[-70.4386,-34.587],[-70.436,-34.5866],[-70.4302,-34.5904],[-70.4245,-34.5893],[-70.42,-34.5896],[-70.4175,-34.5906],[-70.4132,-34.5944],[-70.4096,-34.5962],[-70.4083,-34.5985],[-70.4061,-34.6008],[-70.4036,-34.6027],[-70.4003,-34.602],[-70.3976,-34.6001],[-70.3949,-34.6006],[-70.388,-34.6042],[-70.3843,-34.608],[-70.3833,-34.6111],[-70.3819,-34.6122],[-70.378,-34.6124],[-70.3763,-34.615],[-70.3754,-34.6172],[-70.3757,-34.6197],[-70.3754,-34.6212],[-70.3734,-34.6228],[-70.3686,-34.6243],[-70.3633,-34.6244],[-70.3556,-34.6226],[-70.3525,-34.6215],[-70.3475,-34.6206],[-70.3455,-34.6199],[-70.3417,-34.6213],[-70.3396,-34.6214],[-70.3352,-34.6227],[-70.3349,-34.6243],[-70.3362,-34.6264],[-70.332,-34.6288],[-70.3303,-34.6288],[-70.3264,-34.6325],[-70.3223,-34.6352],[-70.3209,-34.6375],[-70.3166,-34.6404],[-70.3118,-34.643],[-70.3065,-34.6439],[-70.303,-34.6451],[-70.3028,-34.6461],[-70.3037,-34.6487],[-70.3041,-34.6519],[-70.3051,-34.6554],[-70.2989,-34.6597],[-70.296,-34.6625],[-70.2949,-34.6653],[-70.2926,-34.665],[-70.29,-34.6653],[-70.2887,-34.6662],[-70.2885,-34.6685],[-70.2899,-34.6723],[-70.2877,-34.6762],[-70.2853,-34.6816],[-70.2848,-34.6848],[-70.2814,-34.686],[-70.2779,-34.6882],[-70.2758,-34.6889],[-70.2731,-34.6888],[-70.2715,-34.6897],[-70.2681,-34.6933],[-70.2671,-34.6941],[-70.2622,-34.6952],[-70.2582,-34.6967],[-70.2564,-34.7011],[-70.2536,-34.7038],[-70.2543,-34.7063],[-70.2535,-34.7081],[-70.2543,-34.7091],[-70.2539,-34.7107],[-70.2551,-34.7131],[-70.255,-34.7143],[-70.2566,-34.7165],[-70.2567,-34.7183],[-70.2587,-34.7217],[-70.2621,-34.7229],[-70.2609,-34.7258],[-70.2585,-34.7294],[-70.2613,-34.731],[-70.2645,-34.7322],[-70.2672,-34.7346],[-70.2727,-34.7372],[-70.2764,-34.7365],[-70.2808,-34.7363],[-70.2823,-34.7356],[-70.2849,-34.7371],[-70.2889,-34.7386],[-70.2934,-34.739],[-70.2992,-34.7428],[-70.3015,-34.7449],[-70.3042,-34.7456],[-70.3063,-34.7474],[-70.3068,-34.7503],[-70.3078,-34.7517],[-70.3074,-34.754],[-70.3087,-34.7569],[-70.309,-34.7604],[-70.31,-34.7621],[-70.309,-34.7649],[-70.3089,-34.7682],[-70.3094,-34.7697],[-70.3083,-34.7706],[-70.305,-34.772],[-70.3024,-34.7725],[-70.3008,-34.7718],[-70.2985,-34.7734],[-70.2969,-34.776],[-70.2938,-34.7791],[-70.2918,-34.78],[-70.289,-34.7798],[-70.2831,-34.7815],[-70.2811,-34.7825],[-70.2796,-34.7866],[-70.2788,-34.788],[-70.2708,-34.7918],[-70.2676,-34.7924],[-70.2619,-34.7925],[-70.2576,-34.7938],[-70.2559,-34.7934],[-70.2531,-34.7936],[-70.2493,-34.7971],[-70.2483,-34.7993],[-70.2521,-34.8025],[-70.2544,-34.8035],[-70.2545,-34.8062],[-70.258,-34.8073],[-70.2587,-34.808],[-70.2572,-34.8121],[-70.2569,-34.8141],[-70.2579,-34.8158],[-70.2585,-34.8179],[-70.2599,-34.8187],[-70.2609,-34.8202],[-70.2602,-34.8229],[-70.2611,-34.8259],[-70.2621,-34.8269],[-70.2637,-34.8306],[-70.2636,-34.8331],[-70.2657,-34.8355],[-70.2669,-34.8376],[-70.2683,-34.839],[-70.2708,-34.8402],[-70.273,-34.8427],[-70.2728,-34.8449],[-70.2738,-34.8452],[-70.2756,-34.8481],[-70.2787,-34.8509],[-70.2801,-34.8533],[-70.2796,-34.856],[-70.2778,-34.8579],[-70.2772,-34.8598],[-70.2779,-34.8635],[-70.2803,-34.8657],[-70.2809,-34.869],[-70.2766,-34.872],[-70.2759,-34.8739],[-70.277,-34.8756],[-70.2784,-34.8763],[-70.2819,-34.8771],[-70.284,-34.8782],[-70.2846,-34.8792],[-70.2869,-34.8804],[-70.2889,-34.8825],[-70.2911,-34.8837],[-70.2919,-34.8891],[-70.2893,-34.892],[-70.2907,-34.8923],[-70.293,-34.8945],[-70.2945,-34.8945],[-70.2956,-34.8961],[-70.2983,-34.8968],[-70.3,-34.8984],[-70.3016,-34.8991],[-70.3021,-34.9038],[-70.3052,-34.9057],[-70.3079,-34.9085],[-70.3097,-34.9134],[-70.3118,-34.9156],[-70.3132,-34.9186],[-70.3137,-34.9211],[-70.3163,-34.9225],[-70.3162,-34.9245],[-70.3188,-34.9283],[-70.3201,-34.9315],[-70.3213,-34.9328],[-70.3256,-34.9331],[-70.3305,-34.9357],[-70.3318,-34.9359],[-70.3326,-34.9372],[-70.3325,-34.9394],[-70.3303,-34.9428],[-70.3322,-34.9443],[-70.3325,-34.9455],[-70.332,-34.9481],[-70.3307,-34.9496],[-70.3303,-34.9516],[-70.3316,-34.9531],[-70.3319,-34.9549],[-70.3293,-34.9583],[-70.3304,-34.9626],[-70.3309,-34.9668],[-70.3302,-34.9715],[-70.3307,-34.9733],[-70.327,-34.9772],[-70.3302,-34.9778],[-70.331,-34.9799],[-70.3307,-34.9822],[-70.3323,-34.9829],[-70.3318,-34.9857],[-70.3338,-34.9869],[-70.334,-34.9886],[-70.3332,-34.9902],[-70.334,-34.9912],[-70.3382,-34.9915],[-70.3414,-34.9933],[-70.3432,-34.9948],[-70.3448,-34.9932],[-70.3527,-34.9959],[-70.3547,-34.9962],[-70.3568,-34.9984],[-70.3569,-35.0006],[-70.3582,-35.0021],[-70.3612,-35.0025],[-70.3632,-35.0048],[-70.365,-35.0053]]]},"properties":{"Comuna":"San Fernando","Provincia":"Colchagua","cod_comuna":6301}}]}